order_week,gmv,sla,product_procurement_sla,s1_fact.order_payment_type_Prepaid,product_mrp,sale_price_per_unit,spec_days,NPS,Stock Index,Total Investment,TV,Digital,Sponsorship,Content Marketing,Online marketing, Affiliates,SEM,Radio,Other,product_analytic_vertical_Binoculars,product_analytic_vertical_BoomBox,product_analytic_vertical_CameraAccessory,product_analytic_vertical_CameraBag,product_analytic_vertical_CameraBattery,product_analytic_vertical_CameraBatteryCharger,product_analytic_vertical_CameraBatteryGrip,product_analytic_vertical_CameraEyeCup,product_analytic_vertical_CameraFilmRolls,product_analytic_vertical_CameraHousing,product_analytic_vertical_CameraMicrophone,product_analytic_vertical_CameraMount,product_analytic_vertical_CameraRemoteControl,product_analytic_vertical_CameraTripod,product_analytic_vertical_CoolingPad,product_analytic_vertical_DJController,product_analytic_vertical_Dock,product_analytic_vertical_DockingStation,product_analytic_vertical_ExtensionTube,product_analytic_vertical_FMRadio,product_analytic_vertical_Filter,product_analytic_vertical_Flash,product_analytic_vertical_FlashShoeAdapter,product_analytic_vertical_GamePad,product_analytic_vertical_GamingAccessoryKit,product_analytic_vertical_GamingAdapter,product_analytic_vertical_GamingChargingStation,product_analytic_vertical_GamingHeadset,product_analytic_vertical_GamingKeyboard,product_analytic_vertical_GamingMemoryCard,product_analytic_vertical_GamingMouse,product_analytic_vertical_GamingMousePad,product_analytic_vertical_GamingSpeaker,product_analytic_vertical_HiFiSystem,product_analytic_vertical_HomeAudioSpeaker,product_analytic_vertical_JoystickGamingWheel,product_analytic_vertical_Lens,product_analytic_vertical_MotionController,product_analytic_vertical_Softbox,product_analytic_vertical_SoundMixer,product_analytic_vertical_Strap,product_analytic_vertical_TVOutCableAccessory,product_analytic_vertical_Telescope,product_analytic_vertical_VoiceRecorder,Max Temp (°C),Min Temp (°C),Mean Temp (°C),Heat Deg Days (°C),Cool Deg Days (°C),Total Rain (mm),Total Snow (cm),Total Precip (mm),Snow on Grnd (cm)
28.0,1995145.0,6.920982040983964,2.8902172520303417,0.3281974636456152,2908.601832765459,1882.3754783476554,0.0,1.7612770352379443,37.96774193548389,0.5503798529892858,0.006946135611684555,0.08171011962733304,0.2391699914072331,3.009346892970554e-05,0.04281540629111281,0.017653350288892252,0.16205475629410024,0.0,0.0,0.05154639175257732,0.0,0.0,0.061855670103092786,0.061855670103092786,0.061855670103092786,0.0,0.0,0.0,0.0,0.0,0.0,0.061855670103092786,0.061855670103092786,0.0,0.0,0.0,0.0,0.0,0.0,0.061855670103092786,0.0,0.0,0.061855670103092786,0.041237113402061855,0.0,0.0,0.030927835051546393,0.061855670103092786,0.05154639175257732,0.030927835051546393,0.061855670103092786,0.0,0.0,0.061855670103092786,0.020618556701030927,0.061855670103092786,0.05154639175257732,0.0,0.0,0.0,0.041237113402061855,0.0,0.0,24.833333333333332,15.333333333333334,20.099999999999998,0.2833333333333333,2.3833333333333333,4.416666666666667,0.0,4.416666666666667,0.0
29.0,1165937.0,6.687517091263536,3.0766839093808116,0.29201233839044377,2120.135984863828,1396.6247088919445,0.2727272727272727,1.7612770352379452,37.96774193548389,0.550379852989286,0.006946135611684555,0.08171011962733306,0.23916999140723322,3.0093468929705536e-05,0.04281540629111281,0.017653350288892252,0.16205475629410027,0.0,0.0,0.05454545454545454,0.045454545454545456,0.0,0.06363636363636363,0.06363636363636363,0.06363636363636363,0.0,0.0,0.0,0.0,0.0,0.0,0.045454545454545456,0.045454545454545456,0.0,0.0,0.045454545454545456,0.0,0.0,0.00909090909090909,0.045454545454545456,0.0,0.0,0.06363636363636363,0.06363636363636363,0.0,0.0,0.05454545454545454,0.02727272727272727,0.0,0.05454545454545454,0.0,0.0,0.0,0.06363636363636363,0.01818181818181818,0.06363636363636363,0.02727272727272727,0.0,0.0,0.05454545454545454,0.02727272727272727,0.0,0.0,28.75,17.583333333333332,23.183333333333334,0.0,5.183333333333334,1.4000000000000001,0.0,1.4000000000000001,0.0
30.0,1522536.0,6.631879060862196,2.930971778799606,0.24041960891940511,2007.0098800410508,1227.2531554574123,0.0,1.7612770352379465,37.96774193548389,0.5503798529892849,0.006946135611684551,0.08171011962733306,0.23916999140723308,3.009346892970559e-05,0.04281540629111281,0.017653350288892252,0.16205475629410035,0.0,0.0,0.04697986577181208,0.0,0.013422818791946308,0.04697986577181208,0.04697986577181208,0.04697986577181208,0.0,0.0,0.0,0.0,0.0,0.0,0.04697986577181208,0.04697986577181208,0.0,0.006711409395973154,0.026845637583892617,0.0,0.0,0.04697986577181208,0.04697986577181208,0.03355704697986577,0.0,0.03355704697986577,0.04697986577181208,0.026845637583892617,0.0,0.04697986577181208,0.04697986577181208,0.0,0.04697986577181208,0.03355704697986577,0.0,0.0,0.04697986577181208,0.013422818791946308,0.04697986577181208,0.0,0.0,0.0,0.040268456375838924,0.026845637583892617,0.040268456375838924,0.04697986577181208,29.75,16.6,23.06,0.0,5.0600000000000005,0.9,0.0,0.9,0.0
31.0,1102687.0,6.757146597736263,2.7906406746643424,0.2794281337792768,2723.652035076057,1433.8972908922512,0.0,1.7612770352379445,37.96774193548389,0.5503798529892859,0.006946135611684555,0.08171011962733304,0.23916999140723313,3.009346892970554e-05,0.04281540629111281,0.017653350288892252,0.16205475629410024,0.0,0.0,0.04950495049504951,0.0,0.04950495049504951,0.04950495049504951,0.04950495049504951,0.04950495049504951,0.0,0.0,0.0,0.0,0.0,0.0,0.0,0.0297029702970297,0.0,0.0,0.009900990099009901,0.0,0.0,0.04950495049504951,0.04950495049504951,0.019801980198019802,0.0,0.04950495049504951,0.04950495049504951,0.019801980198019802,0.0,0.04950495049504951,0.04950495049504951,0.0,0.04950495049504951,0.019801980198019802,0.009900990099009901,0.04950495049504951,0.04950495049504951,0.009900990099009901,0.039603960396039604,0.0,0.0,0.0,0.0,0.04950495049504951,0.04950495049504951,0.04950495049504951,31.583333333333332,17.5,24.566666666666663,0.0,6.566666666666666,4.633333333333334,0.0,4.633333333333334,0.0
36.0,5732990.0,6.006013442126034,2.6180276747312896,0.25469101449713094,2312.1613807248127,1559.8090897449404,0.0,1.5977182909141248,36.89922786547689,2.933123219904652,0.1176420275105884,0.044856842699693554,1.9067698399117705,0.018503554971679607,0.4970043555690682,0.15297087645915122,0.1953757227826955,0.0,0.0,0.03723404255319149,0.03723404255319149,0.031914893617021274,0.03723404255319149,0.03723404255319149,0.03723404255319149,0.02127659574468085,0.0,0.026595744680851064,0.0,0.0,0.015957446808510637,0.03723404255319149,0.03723404255319149,0.0,0.005319148936170213,0.031914893617021274,0.0,0.0,0.03723404255319149,0.031914893617021274,0.031914893617021274,0.0,0.03723404255319149,0.031914893617021274,0.031914893617021274,0.0,0.03723404255319149,0.031914893617021274,0.010638297872340425,0.03723404255319149,0.03723404255319149,0.0,0.03723404255319149,0.03723404255319149,0.02127659574468085,0.03723404255319149,0.0,0.0,0.0,0.015957446808510637,0.03723404255319149,0.031914893617021274,0.031914893617021274,30.416666666666668,18.7,24.46,0.0,6.459999999999999,10.1,0.0,10.1,0.0
37.0,2540095.0,5.8023339425128375,2.5359296697224027,0.26341632772445817,2105.957718377469,1383.1667795341518,0.0,1.5641806229087953,36.699999999999896,3.208479328822419,0.12931678722659246,0.045217586610922574,2.092921710454353,0.02034306939213973,0.5459996664343038,0.16794220719466327,0.2067383015094383,0.0,0.0,0.04794520547945205,0.0,0.0,0.04794520547945205,0.04794520547945205,0.04794520547945205,0.0,0.0,0.0,0.0,0.0,0.0,0.04794520547945205,0.04794520547945205,0.0,0.0,0.0410958904109589,0.0,0.0,0.04794520547945205,0.04794520547945205,0.04794520547945205,0.0,0.04794520547945205,0.04794520547945205,0.03424657534246575,0.0,0.04794520547945205,0.0410958904109589,0.0,0.04794520547945205,0.04794520547945205,0.0,0.0,0.04794520547945205,0.04794520547945205,0.04794520547945205,0.00684931506849315,0.0,0.0,0.0136986301369863,0.04794520547945205,0.0,0.0,23.5,14.9,19.240000000000002,1.28,2.52,0.96,0.0,0.96,0.0
38.0,1944539.0011779058,6.489395680124679,2.6551370367685077,0.19594090202504272,2461.1801887297665,1711.370419974808,0.0,1.5641806229087953,36.6999999999999,3.208479328822419,0.12931678722659246,0.045217586610922574,2.0929217104543536,0.020343069392139732,0.5459996664343039,0.16794220719466327,0.20673830150943828,0.0,0.0,0.04929577464788732,0.0,0.0,0.035211267605633804,0.04929577464788732,0.014084507042253521,0.0,0.0,0.0,0.0,0.0,0.0,0.007042253521126761,0.04929577464788732,0.0,0.02112676056338028,0.04225352112676056,0.0,0.014084507042253521,0.04929577464788732,0.04929577464788732,0.04929577464788732,0.0,0.04929577464788732,0.04929577464788732,0.035211267605633804,0.0,0.04929577464788732,0.04929577464788732,0.007042253521126761,0.04929577464788732,0.028169014084507043,0.0,0.0,0.04929577464788732,0.028169014084507043,0.04929577464788732,0.035211267605633804,0.0,0.0,0.04225352112676056,0.04929577464788732,0.0,0.0,24.75,16.25,20.55,0.0,2.55,0.55,0.0,0.55,0.0
39.0,2530973.0,6.2988417441157605,2.4619366271394316,0.23706124460537994,2338.346697100619,1520.310549704302,0.0,1.5641806229087951,36.69999999999989,3.2084793288224187,0.12931678722659248,0.045217586610922574,2.0929217104543514,0.02034306939213972,0.5459996664343032,0.16794220719466327,0.2067383015094384,0.0,0.0,0.043478260869565216,0.0,0.024844720496894408,0.043478260869565216,0.043478260869565216,0.043478260869565216,0.0,0.0,0.0,0.0,0.0,0.0,0.043478260869565216,0.043478260869565216,0.0,0.006211180124223602,0.031055900621118012,0.006211180124223602,0.0,0.043478260869565216,0.043478260869565216,0.037267080745341616,0.0,0.043478260869565216,0.043478260869565216,0.043478260869565216,0.0,0.037267080745341616,0.037267080745341616,0.037267080745341616,0.043478260869565216,0.043478260869565216,0.0,0.0,0.043478260869565216,0.043478260869565216,0.043478260869565216,0.012422360248447204,0.0,0.0,0.031055900621118012,0.043478260869565216,0.0,0.0,26.0,14.5,20.0,0.0,2.0,0.0,0.0,0.0,0.0
40.0,2654044.0,6.823831467929748,2.701120085761736,0.26392316596962273,2839.5326230403098,1522.6120710441749,0.0,1.4322060946450401,39.03225806451611,5.488912818333502,0.19821648692949143,0.40717676665994035,2.7313719847185474,0.11109918569952687,0.7861863786140527,0.22495842283580453,1.0299035928761333,0.0,0.0,0.047058823529411764,0.0,0.0,0.047058823529411764,0.047058823529411764,0.047058823529411764,0.0,0.0,0.0,0.0,0.0,0.0,0.047058823529411764,0.047058823529411764,0.0,0.0,0.03529411764705882,0.0,0.0,0.0,0.047058823529411764,0.047058823529411764,0.0,0.047058823529411764,0.023529411764705882,0.047058823529411764,0.0,0.047058823529411764,0.047058823529411764,0.03529411764705882,0.047058823529411764,0.047058823529411764,0.0,0.0,0.047058823529411764,0.047058823529411764,0.047058823529411764,0.047058823529411764,0.0,0.0,0.011764705882352941,0.047058823529411764,0.0,0.0,19.7,14.125,17.725,1.925,1.65,3.72,0.0,3.72,0.0
41.0,2010452.0,5.932442033875017,2.5525973710893988,0.22733164326695407,2508.7885449460155,1437.2983403609314,0.0,1.43220609464504,39.03225806451611,5.4889128183334925,0.19821648692949181,0.40717676665993935,2.7313719847185416,0.11109918569952668,0.786186378614051,0.22495842283580456,1.0299035928761349,0.0,0.0,0.056910569105691054,0.0,0.04065040650406504,0.056910569105691054,0.056910569105691054,0.056910569105691054,0.0,0.0,0.0,0.0,0.0,0.0,0.008130081300813009,0.056910569105691054,0.0,0.0,0.04878048780487805,0.0,0.0,0.008130081300813009,0.056910569105691054,0.04878048780487805,0.0,0.056910569105691054,0.016260162601626018,0.016260162601626018,0.0,0.056910569105691054,0.056910569105691054,0.0,0.056910569105691054,0.032520325203252036,0.0,0.0,0.056910569105691054,0.0,0.056910569105691054,0.0,0.0,0.0,0.0,0.04065040650406504,0.0,0.056910569105691054,21.2,12.0,16.619999999999997,1.3800000000000001,0.0,0.0,0.0,0.0,0.0
42.0,6264523.571605271,6.2743783135968,2.1818806814230447,0.29251330364818573,1634.5173340484296,1033.5662996538806,0.44666666666666666,1.43220609464504,39.03225806451611,5.488912818333487,0.19821648692949195,0.4071767666599389,2.731371984718538,0.11109918569952662,0.7861863786140504,0.22495842283580453,1.0299035928761353,0.0,0.0,0.04666666666666667,0.0,0.0,0.04666666666666667,0.04666666666666667,0.04666666666666667,0.0,0.0,0.0,0.0,0.0,0.0,0.04666666666666667,0.04666666666666667,0.0,0.0,0.02,0.0,0.0,0.03333333333333333,0.04666666666666667,0.04666666666666667,0.0,0.04666666666666667,0.04666666666666667,0.04,0.0,0.04666666666666667,0.04,0.04666666666666667,0.04666666666666667,0.04666666666666667,0.0,0.0,0.04666666666666667,0.03333333333333333,0.04666666666666667,0.006666666666666667,0.0,0.0,0.03333333333333333,0.04666666666666667,0.0,0.0,17.0,8.75,14.3,4.1,0.4,0.3,0.0,0.3,0.0
43.0,1203141.0,6.495916835155958,2.7628311642128316,0.23058373577333466,2483.3902455680577,1676.494492946034,0.0,1.43220609464504,39.03225806451611,5.488912818333491,0.19821648692949187,0.4071767666599392,2.7313719847185403,0.11109918569952665,0.7861863786140508,0.22495842283580456,1.0299035928761349,0.0,0.0,0.04580152671755725,0.05343511450381679,0.015267175572519083,0.03816793893129771,0.05343511450381679,0.04580152671755725,0.0,0.0,0.0,0.0,0.0,0.03816793893129771,0.0,0.03816793893129771,0.0,0.0,0.05343511450381679,0.007633587786259542,0.0,0.015267175572519083,0.05343511450381679,0.015267175572519083,0.0,0.05343511450381679,0.04580152671755725,0.0,0.0,0.05343511450381679,0.05343511450381679,0.0,0.04580152671755725,0.007633587786259542,0.0,0.0,0.05343511450381679,0.0,0.05343511450381679,0.0,0.0,0.0,0.015267175572519083,0.04580152671755725,0.04580152671755725,0.05343511450381679,19.8,11.5,15.680000000000001,2.32,0.0,0.8400000000000001,0.0,0.8400000000000001,0.0
44.0,910863.461978789,6.261040089934003,2.65672328096845,0.19594391992014082,1775.6068388671013,1059.9414827275248,0.0,1.4346961052380331,39.07054958183989,5.4188812355348475,0.19715113824554104,0.4004237827044871,2.689539241741243,0.10914588793278278,0.7837024174975641,0.22486398695369017,1.014054780459535,0.0,0.0,0.05555555555555555,0.0,0.009259259259259259,0.037037037037037035,0.05555555555555555,0.018518518518518517,0.0,0.0,0.0,0.0,0.0,0.0,0.018518518518518517,0.05555555555555555,0.0,0.0,0.037037037037037035,0.0,0.0,0.06481481481481481,0.046296296296296294,0.05555555555555555,0.0,0.05555555555555555,0.009259259259259259,0.027777777777777776,0.0,0.05555555555555555,0.05555555555555555,0.0,0.05555555555555555,0.037037037037037035,0.0,0.0,0.05555555555555555,0.0,0.05555555555555555,0.0,0.0,0.0,0.0,0.046296296296296294,0.05555555555555555,0.037037037037037035,15.75,6.0,10.9,7.1,0.0,0.9,0.0,0.9,0.0
45.0,2007044.0,6.543897465393136,2.557447393786665,0.2100990308241612,2215.3954200355633,1387.752348154702,0.0,1.5666666666666635,41.10000000000007,1.707207347206378,0.14068765799615826,0.04251563306549946,0.4724038639442354,0.005621106295352393,0.6520524783237287,0.21985888520162705,0.17406772237977908,0.0,0.0,0.047619047619047616,0.027210884353741496,0.047619047619047616,0.034013605442176874,0.047619047619047616,0.0,0.013605442176870748,0.0,0.027210884353741496,0.0,0.0,0.047619047619047616,0.0,0.04081632653061224,0.0,0.0,0.0,0.0,0.0,0.047619047619047616,0.047619047619047616,0.047619047619047616,0.0,0.047619047619047616,0.047619047619047616,0.0,0.0,0.02040816326530612,0.013605442176870748,0.0,0.047619047619047616,0.034013605442176874,0.006802721088435374,0.047619047619047616,0.047619047619047616,0.0,0.04081632653061224,0.0,0.0,0.0,0.04081632653061224,0.047619047619047616,0.034013605442176874,0.047619047619047616,19.5,8.3,13.919999999999998,4.08,0.0,1.72,0.0,1.72,0.0
46.0,3852431.0,6.077045705473375,2.6501330401173164,0.2776337801249683,2238.726571789403,1353.9061166752967,0.7083333333333334,1.5666666666666635,41.100000000000065,1.707207347206378,0.1406876579961583,0.04251563306549946,0.4724038639442354,0.005621106295352393,0.6520524783237288,0.21985888520162705,0.1740677223797791,0.0,0.0,0.04861111111111111,0.0,0.0,0.04861111111111111,0.04861111111111111,0.04861111111111111,0.0,0.0,0.0,0.0,0.0,0.0,0.04861111111111111,0.04861111111111111,0.0,0.0,0.041666666666666664,0.0,0.0,0.0,0.04861111111111111,0.034722222222222224,0.0,0.04861111111111111,0.04861111111111111,0.041666666666666664,0.0,0.04861111111111111,0.04861111111111111,0.04861111111111111,0.04861111111111111,0.04861111111111111,0.0,0.0,0.04861111111111111,0.020833333333333332,0.04861111111111111,0.027777777777777776,0.0,0.0,0.006944444444444444,0.04861111111111111,0.0,0.0,14.0,3.6666666666666665,8.833333333333334,9.166666666666666,0.0,5.133333333333333,0.0,5.133333333333333,0.0
47.0,4808698.0,6.099738548660373,2.6488205311671607,0.19810077976216522,2448.528660766669,1504.0280588705825,0.0,1.5666666666666635,41.10000000000013,1.7072073472063831,0.14068765799615798,0.04251563306549945,0.4724038639442357,0.005621106295352393,0.6520524783237279,0.2198588852016265,0.1740677223797789,0.0,0.0,0.03825136612021858,0.0,0.03825136612021858,0.03825136612021858,0.03825136612021858,0.03825136612021858,0.0,0.0,0.0,0.0,0.0,0.0,0.03825136612021858,0.03825136612021858,0.0,0.02185792349726776,0.0273224043715847,0.02185792349726776,0.00546448087431694,0.03825136612021858,0.03825136612021858,0.03825136612021858,0.0,0.03825136612021858,0.03825136612021858,0.03825136612021858,0.0,0.03825136612021858,0.03825136612021858,0.03825136612021858,0.03825136612021858,0.03825136612021858,0.0,0.03278688524590164,0.03825136612021858,0.0273224043715847,0.03825136612021858,0.01092896174863388,0.0,0.0,0.0273224043715847,0.03825136612021858,0.02185792349726776,0.0,8.5,3.625,6.075,11.925,0.0,3.3,2.5,5.8,1.75
48.0,1506495.0,6.081893813042044,2.070541816839626,0.20260160441752392,3971.9988130492225,2801.6147498644445,0.0,1.5666666666666635,41.10000000000007,1.707207347206378,0.14068765799615826,0.04251563306549946,0.4724038639442354,0.005621106295352393,0.6520524783237287,0.21985888520162705,0.1740677223797791,0.0,0.0,0.04827586206896552,0.0,0.041379310344827586,0.034482758620689655,0.04827586206896552,0.04827586206896552,0.0,0.0,0.006896551724137931,0.0,0.0,0.034482758620689655,0.034482758620689655,0.04827586206896552,0.0,0.020689655172413793,0.006896551724137931,0.020689655172413793,0.013793103448275862,0.04827586206896552,0.027586206896551724,0.013793103448275862,0.0,0.04827586206896552,0.020689655172413793,0.0,0.0,0.041379310344827586,0.006896551724137931,0.04827586206896552,0.041379310344827586,0.04827586206896552,0.0,0.027586206896551724,0.04827586206896552,0.013793103448275862,0.04827586206896552,0.006896551724137931,0.0,0.0,0.0,0.020689655172413793,0.034482758620689655,0.04827586206896552,8.25,3.5,7.8,10.2,0.0,5.8,0.0,5.8,0.0
49.0,326032.0,6.322264578956042,2.5145236881367303,0.21627324378645288,1416.0404929455715,910.1292656890961,0.0,1.544354838709677,39.1959677419355,2.1412547984398214,0.14904398724230025,0.05659124114385213,0.8116046614296611,0.012823143157263068,0.6705212584283311,0.2199501150055441,0.22072039203286983,0.0,0.0,0.041666666666666664,0.0,0.0,0.041666666666666664,0.041666666666666664,0.0,0.0,0.0,0.0,0.0,0.0,0.0,0.0,0.041666666666666664,0.0,0.0,0.0,0.0,0.0,0.0,0.041666666666666664,0.041666666666666664,0.0,0.041666666666666664,0.041666666666666664,0.041666666666666664,0.0,0.041666666666666664,0.041666666666666664,0.0,0.041666666666666664,0.041666666666666664,0.0,0.0,0.041666666666666664,0.041666666666666664,0.2916666666666667,0.041666666666666664,0.0,0.0,0.0,0.041666666666666664,0.0,0.0,7.0,-4.0,1.8,16.2,0.0,2.0,0.0,2.0,0.0
50.0,5224076.175462887,5.237421144686266,3.281491299334307,0.2888852115753278,4879.10232337509,2163.869428233681,0.0,1.4774193548387091,33.48387096774193,3.4433971521401516,0.17411297498072545,0.09881806537891026,1.8292070538859393,0.034429253742995186,0.7259275987421355,0.22022380441729716,0.36067840099214205,0.0,0.0,0.05426356589147287,0.0,0.0,0.05426356589147287,0.05426356589147287,0.05426356589147287,0.0,0.0,0.0,0.0,0.0,0.0,0.03875968992248062,0.05426356589147287,0.0,0.0,0.015503875968992248,0.0,0.0,0.0,0.046511627906976744,0.03875968992248062,0.0,0.05426356589147287,0.05426356589147287,0.0,0.0,0.05426356589147287,0.023255813953488372,0.023255813953488372,0.05426356589147287,0.03875968992248062,0.0,0.0,0.05426356589147287,0.023255813953488372,0.05426356589147287,0.05426356589147287,0.0,0.0,0.046511627906976744,0.05426356589147287,0.0,0.0,11.75,5.25,8.525,9.475,0.0,0.15,0.0,0.15,0.0
52.0,7458699.0,6.134037105012665,2.536403941192483,0.23527580511634014,2235.782458210306,1338.32065218229,0.42424242424242425,1.47741935483871,33.48387096774177,3.443397152140156,0.17411297498072553,0.09881806537891044,1.8292070538859473,0.034429253742995075,0.7259275987421357,0.2202238044172965,0.3606784009921422,0.0,0.0,0.03535353535353535,0.0,0.03535353535353535,0.03535353535353535,0.03535353535353535,0.03535353535353535,0.0,0.0,0.0,0.0,0.0,0.0,0.03535353535353535,0.03535353535353535,0.005050505050505051,0.0,0.020202020202020204,0.0,0.0,0.03535353535353535,0.03535353535353535,0.03535353535353535,0.0,0.03535353535353535,0.03535353535353535,0.03535353535353535,0.0,0.03535353535353535,0.03535353535353535,0.03535353535353535,0.03535353535353535,0.03535353535353535,0.030303030303030304,0.03535353535353535,0.03535353535353535,0.03535353535353535,0.03535353535353535,0.03535353535353535,0.0,0.0,0.030303030303030304,0.03535353535353535,0.030303030303030304,0.03535353535353535,12.166666666666666,2.5,8.05,9.95,0.0,7.199999999999999,0.0,7.199999999999999,0.0
53.0,1001009.0,6.473512344320165,2.8113265946484107,0.2263219270846911,2134.9923847074942,1239.5117883187006,1.0,1.5191300427430203,33.935483870967786,2.3934193548387115,0.14129032258064528,0.014709677419354836,0.13548387096774214,0.029032258064516144,0.7387096774193553,0.23774193548387096,0.13548387096774214,0.0870967741935483,0.8738709677419364,0.03571428571428571,0.0,0.0,0.05357142857142857,0.03571428571428571,0.05357142857142857,0.0,0.0,0.0,0.0,0.0,0.0,0.017857142857142856,0.05357142857142857,0.0,0.0,0.017857142857142856,0.0,0.0,0.0,0.05357142857142857,0.05357142857142857,0.0,0.05357142857142857,0.05357142857142857,0.017857142857142856,0.0,0.05357142857142857,0.05357142857142857,0.03571428571428571,0.05357142857142857,0.03571428571428571,0.05357142857142857,0.0,0.05357142857142857,0.0,0.05357142857142857,0.0,0.0,0.0,0.05357142857142857,0.05357142857142857,0.0,0.0,6.5,-2.0,2.3,15.7,0.0,0.0,0.0,0.0,0.0
54.0,2210154.0,6.02639696570932,2.4856293706353405,0.22472733474723972,1732.3679604521092,967.600695163402,0.0,1.5191300427430219,33.93548387096779,2.3934193548387084,0.1412903225806449,0.01470967741935487,0.13548387096774178,0.029032258064516047,0.7387096774193547,0.23774193548387124,0.13548387096774178,0.0870967741935485,0.8738709677419364,0.04032258064516129,0.0,0.0,0.056451612903225805,0.056451612903225805,0.04032258064516129,0.0,0.0,0.0,0.0,0.0,0.0,0.04032258064516129,0.04838709677419355,0.0,0.0,0.016129032258064516,0.0,0.0,0.0,0.056451612903225805,0.056451612903225805,0.0,0.056451612903225805,0.04032258064516129,0.056451612903225805,0.0,0.056451612903225805,0.03225806451612903,0.056451612903225805,0.056451612903225805,0.024193548387096774,0.024193548387096774,0.0,0.056451612903225805,0.024193548387096774,0.056451612903225805,0.0,0.0,0.0,0.0,0.04838709677419355,0.0,0.0,5.5,-5.333333333333333,0.06666666666666672,17.933333333333334,0.0,7.866666666666667,2.3333333333333335,10.200000000000001,0.0
55.0,3173444.0,5.917155290430101,2.6148763337743035,0.2470449520696169,2189.579732544998,1318.6941562762754,0.0,1.5191300427430225,33.93548387096779,2.3934193548387097,0.14129032258064486,0.014709677419354873,0.13548387096774187,0.029032258064516037,0.7387096774193543,0.2377419354838712,0.13548387096774187,0.08709677419354854,0.8738709677419364,0.05185185185185185,0.0,0.0,0.05185185185185185,0.05185185185185185,0.05185185185185185,0.0,0.0,0.0,0.0,0.0,0.0,0.05185185185185185,0.05185185185185185,0.022222222222222223,0.0,0.014814814814814815,0.0,0.0,0.0,0.05185185185185185,0.05185185185185185,0.0,0.05185185185185185,0.05185185185185185,0.044444444444444446,0.0,0.05185185185185185,0.044444444444444446,0.05185185185185185,0.05185185185185185,0.037037037037037035,0.0,0.0,0.05185185185185185,0.0,0.05185185185185185,0.007407407407407408,0.0,0.0,0.0,0.05185185185185185,0.0,0.0,0.6666666666666666,-8.166666666666666,-3.733333333333333,21.733333333333334,0.0,2.533333333333333,0.0,2.533333333333333,10.333333333333334
56.0,1727788.7911707526,6.461549264455192,2.2969563360612852,0.24033429553666258,1630.041750132499,927.7305746631044,0.42657342657342656,1.5191300427430228,33.93548387096779,2.3934193548387106,0.14129032258064486,0.014709677419354864,0.13548387096774195,0.029032258064516047,0.7387096774193542,0.23774193548387104,0.13548387096774195,0.08709677419354858,0.8738709677419364,0.04895104895104895,0.0,0.0,0.04895104895104895,0.04895104895104895,0.04895104895104895,0.0,0.0,0.0,0.0,0.0,0.0,0.04895104895104895,0.04895104895104895,0.0,0.0,0.027972027972027972,0.0,0.0,0.0,0.04895104895104895,0.04895104895104895,0.0,0.04895104895104895,0.03496503496503497,0.04895104895104895,0.0,0.04895104895104895,0.04895104895104895,0.04895104895104895,0.04895104895104895,0.013986013986013986,0.0,0.0,0.04895104895104895,0.04895104895104895,0.04895104895104895,0.0,0.0,0.0,0.04195804195804196,0.04895104895104895,0.0,0.0,0.0,-9.0,-1.8,19.8,0.0,0.0,0.0,0.0,0.0
57.0,2900084.5,6.321373405973088,2.4422581149399187,0.19461855073255127,2550.0814435372135,1322.0911372787489,0.0,1.5191300427430232,33.93548387096779,2.393419354838712,0.14129032258064483,0.014709677419354852,0.13548387096774203,0.02903225806451607,0.7387096774193539,0.23774193548387082,0.13548387096774203,0.08709677419354861,0.8738709677419363,0.045454545454545456,0.0,0.0,0.045454545454545456,0.045454545454545456,0.03896103896103896,0.0,0.0,0.0,0.0,0.0,0.0,0.03896103896103896,0.045454545454545456,0.0,0.0,0.032467532467532464,0.0,0.0,0.045454545454545456,0.045454545454545456,0.045454545454545456,0.0,0.045454545454545456,0.025974025974025976,0.03896103896103896,0.0,0.045454545454545456,0.012987012987012988,0.045454545454545456,0.045454545454545456,0.03896103896103896,0.0,0.032467532467532464,0.045454545454545456,0.03896103896103896,0.045454545454545456,0.03896103896103896,0.0,0.0,0.032467532467532464,0.03896103896103896,0.0,0.0,5.75,-9.0,-1.8,19.8,0.0,0.0,0.0,0.0,0.0
59.0,525447.250137741,6.145779532546914,2.804727521120513,0.22059698434998784,2193.6211416813267,1346.9898743543415,0.17567567567567569,1.7354278103131129,42.13793103448278,1.6569655172413782,0.08917267645362609,0.06595348339243196,0.40432949335069146,0.020578309950836777,0.6859436650278928,0.22293169113406508,0.16805619793183432,0.0,0.0,0.05405405405405406,0.0,0.0,0.02702702702702703,0.0,0.04054054054054054,0.0,0.0,0.0,0.0,0.0,0.0,0.06756756756756757,0.05405405405405406,0.0,0.0,0.04054054054054054,0.0,0.0,0.0945945945945946,0.013513513513513514,0.0,0.0,0.04054054054054054,0.06756756756756757,0.0,0.0,0.0945945945945946,0.04054054054054054,0.08108108108108109,0.04054054054054054,0.013513513513513514,0.02702702702702703,0.0,0.0945945945945946,0.0,0.06756756756756757,0.0,0.0,0.0,0.0,0.013513513513513514,0.02702702702702703,0.0,-2.8333333333333335,-11.666666666666666,-7.266666666666667,25.266666666666666,0.0,0.0,2.6666666666666665,2.6666666666666665,2.0
60.0,1719.0,6.5,4.0,0.0,1549.5,859.5,0.5,1.7354278103131144,42.13793103448276,1.6569655172413802,0.08917267645362617,0.06595348339243196,0.4043294933506919,0.020578309950836805,0.6859436650278938,0.2229316911340655,0.16805619793183407,0.0,0.0,0.0,0.0,0.0,0.0,0.5,0.0,0.0,0.0,0.0,0.0,0.0,0.0,0.0,0.0,0.0,0.0,0.0,0.0,0.0,0.0,0.0,0.0,0.0,0.5,0.0,0.0,0.0,0.0,0.0,0.0,0.0,0.0,0.0,0.0,0.0,0.0,0.0,0.0,0.0,0.0,0.0,0.0,0.0,0.0,13.833333333333334,-3.5,5.166666666666667,12.833333333333334,0.0,0.0,0.0,0.0,1.3333333333333333
61.0,4046142.0,5.715062781064854,2.7253144964263414,0.27693239188132224,3511.315956211718,1925.635857598237,0.0,1.7354278103131193,42.13793103448278,1.6569655172413829,0.08917267645362639,0.06595348339243208,0.4043294933506926,0.020578309950836836,0.6859436650278926,0.22293169113406486,0.16805619793183382,0.0,0.0,0.05,0.0,0.0,0.05,0.05,0.05,0.0,0.0,0.0,0.0,0.0,0.0,0.05,0.05,0.0,0.0,0.02142857142857143,0.0,0.0,0.007142857142857143,0.05,0.014285714285714285,0.0,0.05,0.03571428571428571,0.014285714285714285,0.0,0.05,0.05,0.05,0.05,0.05,0.0,0.0,0.05,0.03571428571428571,0.05,0.05,0.0,0.0,0.02857142857142857,0.04285714285714286,0.0,0.0,1.0,-2.25,-0.65,18.65,0.0,12.7,3.0,15.7,3.0
62.0,1540744.0008879004,6.183146995771099,2.4792461128266834,0.22331730702287472,1591.8082928292802,981.4129803321927,0.0,1.62534228715429,35.42650564118853,2.7781334986878465,0.23976362184389355,0.06723094917203112,1.073817643261489,0.014404862750930345,0.6208184268644178,0.2069589778048181,0.16768406111069573,0.020046082949308736,0.36740887293026714,0.01680672268907563,0.05042016806722689,0.008403361344537815,0.008403361344537815,0.058823529411764705,0.058823529411764705,0.008403361344537815,0.0,0.008403361344537815,0.0,0.008403361344537815,0.058823529411764705,0.008403361344537815,0.04201680672268908,0.0,0.0,0.008403361344537815,0.008403361344537815,0.0,0.058823529411764705,0.058823529411764705,0.058823529411764705,0.008403361344537815,0.058823529411764705,0.01680672268907563,0.058823529411764705,0.0,0.058823529411764705,0.008403361344537815,0.008403361344537815,0.03361344537815126,0.01680672268907563,0.0,0.008403361344537815,0.058823529411764705,0.025210084033613446,0.025210084033613446,0.0,0.0,0.0,0.008403361344537815,0.058823529411764705,0.008403361344537815,0.008403361344537815,7.625,-3.3333333333333335,2.1999999999999997,15.799999999999999,0.0,0.75,1.75,2.5,2.0
65.0,2256099.0,5.679399335436839,2.3605852410005466,0.2988815898621529,1915.231516097989,1186.840193612585,0.0,1.5813080778907596,32.7419354838709,3.226600691266428,0.29999999999999966,0.06774193548387096,1.3416129032258077,0.011935483870967763,0.5947683315990279,0.20056989247311893,0.16753520638224045,0.028064516129032158,0.5143724221023739,0.04964539007092199,0.03546099290780142,0.028368794326241134,0.04964539007092199,0.04964539007092199,0.04964539007092199,0.0,0.0,0.0,0.0,0.0,0.0,0.04964539007092199,0.04964539007092199,0.0,0.0,0.014184397163120567,0.0,0.0,0.04964539007092199,0.028368794326241134,0.04964539007092199,0.0,0.04964539007092199,0.04964539007092199,0.0425531914893617,0.0,0.04964539007092199,0.0,0.0,0.04964539007092199,0.014184397163120567,0.0,0.0425531914893617,0.04964539007092199,0.014184397163120567,0.04964539007092199,0.0,0.0,0.0,0.04964539007092199,0.03546099290780142,0.0,0.0,12.6,-1.2,5.720000000000001,12.280000000000001,0.0,12.8,0.0,12.8,0.0
69.0,22790.0,2.9743589743589745,3.0,1.0,1166.1538461538462,993.8888888888888,0.0,1.7275868339698126,41.4,1.8949413793103458,0.1735065418395846,0.02906307233493881,0.8102784566980942,0.0011625228933975524,0.5504836530960765,0.18978186234715042,0.14066527010110388,0.0,0.0,0.0,0.0,0.0,0.0,0.0,0.0,0.0,0.0,1.0,0.0,0.0,0.0,0.0,0.0,0.0,0.0,0.0,0.0,0.0,0.0,0.0,0.0,0.0,0.0,0.0,0.0,0.0,0.0,0.0,0.0,0.0,0.0,0.0,0.0,0.0,0.0,0.0,0.0,0.0,0.0,0.0,0.0,0.0,0.0,19.25,6.0,12.625,5.375,0.0,0.0,0.0,0.0,0.0
70.0,4055176.0,6.184120793804478,2.461240910364438,0.5092384702021159,2205.3087103992916,1426.5124830269892,0.0,1.7275868339698102,41.40000000000004,1.894941379310346,0.17350654183958472,0.029063072334938773,0.810278456698095,0.0011625228933975504,0.550483653096075,0.18978186234715017,0.14066527010110402,0.0,0.0,0.057692307692307696,0.0,0.0,0.04807692307692308,0.04807692307692308,0.04807692307692308,0.0,0.0,0.0,0.0,0.0,0.0,0.038461538461538464,0.057692307692307696,0.0,0.0,0.038461538461538464,0.0,0.0,0.0,0.038461538461538464,0.057692307692307696,0.0,0.057692307692307696,0.038461538461538464,0.019230769230769232,0.0,0.04807692307692308,0.038461538461538464,0.028846153846153848,0.04807692307692308,0.057692307692307696,0.0,0.0,0.057692307692307696,0.038461538461538464,0.057692307692307696,0.028846153846153848,0.0,0.0,0.009615384615384616,0.038461538461538464,0.0,0.0,14.833333333333334,6.0,10.433333333333334,7.566666666666666,0.0,5.266666666666667,0.0,5.266666666666667,0.0
71.0,1206480.0,5.3679596391905235,2.8992664206790772,0.23785338970862938,3343.1078730892245,2159.940813841849,0.0,1.5260306847212661,39.61290322580638,2.5179677419354802,0.044193548387096854,0.024838709677419378,1.0219354838709664,0.025483870967741896,0.7629032258064526,0.21935483870967715,0.22290322580645142,0.03548387096774198,0.16087096774193557,0.0707070707070707,0.0,0.0,0.050505050505050504,0.0707070707070707,0.0707070707070707,0.0,0.0,0.0,0.0,0.0,0.0,0.0,0.0707070707070707,0.0,0.0,0.0,0.0,0.0,0.0,0.020202020202020204,0.04040404040404041,0.0,0.0707070707070707,0.06060606060606061,0.010101010101010102,0.0,0.0707070707070707,0.020202020202020204,0.020202020202020204,0.030303030303030304,0.030303030303030304,0.0,0.0,0.0707070707070707,0.0707070707070707,0.0707070707070707,0.050505050505050504,0.0,0.0,0.0,0.030303030303030304,0.0,0.0,17.6,6.2,11.919999999999998,6.08,0.0,2.1599999999999997,0.0,2.1599999999999997,0.0
72.0,4886.0,5.144444444444445,2.0,0.08888888888888889,400.0,349.0,0.0,1.5260306847212686,39.612903225806456,2.517967741935484,0.04419354838709678,0.024838709677419333,1.0219354838709682,0.025483870967741958,0.7629032258064514,0.2193548387096775,0.22290322580645142,0.035483870967741936,0.16087096774193577,0.0,0.0,0.0,0.0,0.0,0.0,0.0,0.0,0.0,0.0,0.0,0.0,0.0,0.0,0.0,0.0,0.0,0.0,0.0,0.0,0.0,0.0,0.0,0.0,0.0,0.0,0.0,1.0,0.0,0.0,0.0,0.0,0.0,0.0,0.0,0.0,0.0,0.0,0.0,0.0,0.0,0.0,0.0,0.0,17.25,8.375,12.849999999999998,5.225,0.075,4.25,0.0,4.25,0.0
73.0,1916280.0,5.819384525999136,2.3562947354418275,0.24454500785666541,2492.7313030629384,1731.598017166662,0.0,1.5260306847212646,39.61290322580658,2.51796774193548,0.044193548387096784,0.02483870967741931,1.0219354838709696,0.02548387096774187,0.7629032258064511,0.219354838709677,0.22290322580645244,0.03548387096774184,0.16087096774193557,0.03482587064676617,0.03482587064676617,0.03482587064676617,0.03482587064676617,0.03482587064676617,0.03482587064676617,0.014925373134328358,0.004975124378109453,0.03482587064676617,0.004975124378109453,0.0,0.03482587064676617,0.014925373134328358,0.03482587064676617,0.0,0.014925373134328358,0.0,0.03482587064676617,0.004975124378109453,0.03482587064676617,0.03482587064676617,0.03482587064676617,0.0,0.03482587064676617,0.03482587064676617,0.03482587064676617,0.0,0.03482587064676617,0.03482587064676617,0.0,0.03482587064676617,0.009950248756218905,0.03482587064676617,0.0,0.03482587064676617,0.004975124378109453,0.03482587064676617,0.0,0.004975124378109453,0.01990049751243781,0.03482587064676617,0.029850746268656716,0.03482587064676617,0.03482587064676617,19.75,5.0,12.4,5.6,0.0,0.3,0.0,0.3,0.0
75.0,499.0,5.0,1.0,0.0,999.0,499.0,0.0,1.5260306847212686,39.61290322580645,2.517967741935484,0.04419354838709678,0.024838709677419336,1.0219354838709682,0.025483870967741955,0.7629032258064514,0.2193548387096775,0.22290322580645144,0.035483870967741936,0.16087096774193577,0.0,0.0,0.0,0.0,0.0,0.0,0.0,0.0,0.0,0.0,0.0,0.0,0.0,0.0,0.0,0.0,0.0,0.0,0.0,0.0,0.0,0.0,0.0,0.0,0.0,1.0,0.0,0.0,0.0,0.0,0.0,0.0,0.0,0.0,0.0,0.0,0.0,0.0,0.0,0.0,0.0,0.0,0.0,0.0,27.166666666666668,15.666666666666666,21.433333333333334,0.0,3.4333333333333336,4.2,0.0,4.2,0.0
76.0,3012522.0,6.071594829417716,2.4178887276864933,0.23977322219076347,1813.8180976921121,1136.996901555476,0.0,1.6838895683458932,39.800000000000125,1.4278072141770493,0.05542389610055436,0.047358683552140866,0.834951359116542,0.0015026875070466357,0.26570999554061986,0.09226743535874835,0.12451719926136534,0.0,0.0,0.03723404255319149,0.03723404255319149,0.005319148936170213,0.03723404255319149,0.03723404255319149,0.03723404255319149,0.02127659574468085,0.026595744680851064,0.03723404255319149,0.010638297872340425,0.0,0.0,0.03723404255319149,0.03723404255319149,0.0,0.0,0.026595744680851064,0.02127659574468085,0.005319148936170213,0.03723404255319149,0.03723404255319149,0.03723404255319149,0.0,0.03723404255319149,0.03723404255319149,0.03723404255319149,0.005319148936170213,0.03723404255319149,0.03723404255319149,0.03723404255319149,0.03723404255319149,0.026595744680851064,0.0,0.0,0.03723404255319149,0.03723404255319149,0.03723404255319149,0.0,0.0,0.0,0.031914893617021274,0.03723404255319149,0.0,0.0,27.666666666666668,13.666666666666666,20.7,0.5666666666666668,3.266666666666667,0.0,0.0,0.0,0.0
77.0,1070559.0,5.856317388841258,2.3151753807796958,0.22995487497616016,1999.8515920129223,1050.966652878897,0.0,1.6838895683458972,39.80000000000011,1.427807214177049,0.05542389610055423,0.04735868355214092,0.8349513591165446,0.001502687507046637,0.2657099955406203,0.0922674353587483,0.12451719926136527,0.0,0.0,0.046357615894039736,0.0,0.0,0.046357615894039736,0.046357615894039736,0.046357615894039736,0.0,0.0,0.0,0.0,0.0,0.0,0.019867549668874173,0.019867549668874173,0.013245033112582781,0.0,0.019867549668874173,0.0,0.0,0.046357615894039736,0.039735099337748346,0.046357615894039736,0.0,0.046357615894039736,0.046357615894039736,0.046357615894039736,0.0,0.046357615894039736,0.039735099337748346,0.039735099337748346,0.046357615894039736,0.013245033112582781,0.019867549668874173,0.0,0.046357615894039736,0.046357615894039736,0.046357615894039736,0.0,0.0,0.0,0.039735099337748346,0.046357615894039736,0.0,0.039735099337748346,28.75,13.75,21.3,0.425,3.7249999999999996,1.1,0.0,1.1,0.0
78.0,1025237.0,5.686118061733226,2.002209672833135,0.22271576994076417,2047.6696153935247,1284.4881295406908,0.0,1.683889568345896,39.8000000000001,1.4278072141770488,0.055423896100554225,0.047358683552140894,0.8349513591165446,0.001502687507046638,0.2657099955406206,0.09226743535874836,0.12451719926136522,0.0,0.0,0.05263157894736842,0.0,0.007518796992481203,0.05263157894736842,0.05263157894736842,0.05263157894736842,0.0,0.0,0.0,0.0,0.0,0.0,0.05263157894736842,0.05263157894736842,0.0,0.0,0.007518796992481203,0.0,0.0,0.007518796992481203,0.05263157894736842,0.05263157894736842,0.0,0.05263157894736842,0.05263157894736842,0.05263157894736842,0.0,0.05263157894736842,0.0,0.0,0.05263157894736842,0.015037593984962405,0.0,0.045112781954887216,0.05263157894736842,0.015037593984962405,0.05263157894736842,0.0,0.0,0.0,0.03759398496240601,0.03007518796992481,0.0,0.045112781954887216,31.7,16.4,24.08,0.0,6.08,0.64,0.0,0.64,0.0
79.0,1107837.0,5.049851409367144,2.3732053757420006,0.2167448937389251,2874.668430325478,1989.5200889768573,0.0,1.6838895683458932,39.80000000000007,1.4278072141770481,0.055423896100554315,0.04735868355214081,0.8349513591165446,0.0015026875070466412,0.2657099955406207,0.09226743535874857,0.12451719926136506,0.0,0.0,0.041237113402061855,0.0,0.010309278350515464,0.041237113402061855,0.041237113402061855,0.041237113402061855,0.0,0.0,0.041237113402061855,0.010309278350515464,0.0,0.030927835051546393,0.041237113402061855,0.030927835051546393,0.0,0.020618556701030927,0.0,0.020618556701030927,0.0,0.041237113402061855,0.041237113402061855,0.030927835051546393,0.0,0.041237113402061855,0.041237113402061855,0.020618556701030927,0.0,0.041237113402061855,0.030927835051546393,0.010309278350515464,0.041237113402061855,0.030927835051546393,0.020618556701030927,0.0,0.041237113402061855,0.041237113402061855,0.041237113402061855,0.041237113402061855,0.0,0.0,0.030927835051546393,0.041237113402061855,0.0,0.0,32.25,16.5,24.4,0.0,6.4,1.0,0.0,1.0,0.0
27.0,,,,,,,,,,,,,,,,,,,,,,,,,,,,,,,,,,,,,,,,,,,,,,,,,,,,,,,,,,,,,,,,25.5,13.2,19.36,0.1,1.46,0.0,0.0,0.0,0.0
32.0,,,,,,,,,,,,,,,,,,,,,,,,,,,,,,,,,,,,,,,,,,,,,,,,,,,,,,,,,,,,,,,,27.2,16.0,21.65,0.0,3.65,0.27999999999999997,0.0,0.27999999999999997,0.0
33.0,,,,,,,,,,,,,,,,,,,,,,,,,,,,,,,,,,,,,,,,,,,,,,,,,,,,,,,,,,,,,,,,29.625,18.25,23.95,0.0,5.95,2.9,0.0,2.9,0.0
34.0,,,,,,,,,,,,,,,,,,,,,,,,,,,,,,,,,,,,,,,,,,,,,,,,,,,,,,,,,,,,,,,,28.416666666666668,18.416666666666668,23.45,0.0,5.45,5.133333333333334,0.0,5.133333333333334,0.0
35.0,,,,,,,,,,,,,,,,,,,,,,,,,,,,,,,,,,,,,,,,,,,,,,,,,,,,,,,,,,,,,,,,24.0,16.5,20.25,0.75,3.0,0.0,0.0,0.0,0.0
51.0,,,,,,,,,,,,,,,,,,,,,,,,,,,,,,,,,,,,,,,,,,,,,,,,,,,,,,,,,,,,,,,,6.333333333333333,-4.5,-0.1,18.1,0.0,2.3333333333333335,0.0,2.3333333333333335,0.0
58.0,,,,,,,,,,,,,,,,,,,,,,,,,,,,,,,,,,,,,,,,,,,,,,,,,,,,,,,,,,,,,,,,8.125,-1.6666666666666667,3.2000000000000006,14.799999999999999,0.0,2.65,0.0,2.65,0.0
63.0,,,,,,,,,,,,,,,,,,,,,,,,,,,,,,,,,,,,,,,,,,,,,,,,,,,,,,,,,,,,,,,,16.333333333333332,4.0,10.166666666666666,7.833333333333333,0.0,9.0,0.0,9.0,0.0
64.0,,,,,,,,,,,,,,,,,,,,,,,,,,,,,,,,,,,,,,,,,,,,,,,,,,,,,,,,,,,,,,,,12.4,3.875,8.9,9.1,0.0,0.3333333333333333,0.0,0.3333333333333333,0.0
66.0,,,,,,,,,,,,,,,,,,,,,,,,,,,,,,,,,,,,,,,,,,,,,,,,,,,,,,,,,,,,,,,,11.0,2.7142857142857144,6.871428571428571,11.12857142857143,0.0,2.8285714285714283,0.5428571428571428,3.371428571428571,0.0
67.0,,,,,,,,,,,,,,,,,,,,,,,,,,,,,,,,,,,,,,,,,,,,,,,,,,,,,,,,,,,,,,,,6.125,-3.625,1.25,16.75,0.0,2.35,0.55,2.9000000000000004,0.0
68.0,,,,,,,,,,,,,,,,,,,,,,,,,,,,,,,,,,,,,,,,,,,,,,,,,,,,,,,,,,,,,,,,18.7,1.1,9.919999999999998,8.080000000000002,0.0,0.0,0.0,0.0,0.0
74.0,,,,,,,,,,,,,,,,,,,,,,,,,,,,,,,,,,,,,,,,,,,,,,,,,,,,,,,,,,,,,,,,30.166666666666668,16.083333333333332,23.149999999999995,0.0,5.15,0.3666666666666667,0.0,0.3666666666666667,0.0
