order_week,gmv,sla,product_procurement_sla,s1_fact.order_payment_type_Prepaid,product_mrp,sale_price_per_unit,spec_days,NPS,Stock Index,Total Investment,TV,Digital,Sponsorship,Content Marketing,Online marketing, Affiliates,SEM,Radio,Other,product_analytic_vertical_Binoculars,product_analytic_vertical_BoomBox,product_analytic_vertical_CameraAccessory,product_analytic_vertical_CameraBag,product_analytic_vertical_CameraBattery,product_analytic_vertical_CameraBatteryCharger,product_analytic_vertical_CameraBatteryGrip,product_analytic_vertical_CameraEyeCup,product_analytic_vertical_CameraFilmRolls,product_analytic_vertical_CameraMicrophone,product_analytic_vertical_CameraMount,product_analytic_vertical_CameraRemoteControl,product_analytic_vertical_CameraTripod,product_analytic_vertical_CoolingPad,product_analytic_vertical_DJController,product_analytic_vertical_Dock,product_analytic_vertical_DockingStation,product_analytic_vertical_ExtensionTube,product_analytic_vertical_FMRadio,product_analytic_vertical_Filter,product_analytic_vertical_Flash,product_analytic_vertical_GamePad,product_analytic_vertical_GamingAccessoryKit,product_analytic_vertical_GamingAdapter,product_analytic_vertical_GamingGun,product_analytic_vertical_GamingHeadset,product_analytic_vertical_GamingKeyboard,product_analytic_vertical_GamingMemoryCard,product_analytic_vertical_GamingMouse,product_analytic_vertical_GamingMousePad,product_analytic_vertical_GamingSpeaker,product_analytic_vertical_HiFiSystem,product_analytic_vertical_HomeAudioSpeaker,product_analytic_vertical_JoystickGamingWheel,product_analytic_vertical_Lens,product_analytic_vertical_MotionController,product_analytic_vertical_Softbox,product_analytic_vertical_SoundMixer,product_analytic_vertical_Strap,product_analytic_vertical_TVOutCableAccessory,product_analytic_vertical_Telescope,product_analytic_vertical_VoiceRecorder,Max Temp (°C),Min Temp (°C),Mean Temp (°C),Heat Deg Days (°C),Cool Deg Days (°C),Total Rain (mm),Total Snow (cm),Total Precip (mm),Snow on Grnd (cm)
28.0,498777.0,6.493511147602932,2.528799386678077,0.21282194306905472,1695.1397736071517,1114.799753703364,0.0,1.7612770352379428,37.96774193548389,0.5503798529892855,0.0069461356116845546,0.08171011962733303,0.2391699914072329,3.009346892970554e-05,0.042815406291112815,0.017653350288892252,0.16205475629410018,0.0,0.0,0.07317073170731707,0.0,0.0,0.07317073170731707,0.07317073170731707,0.06097560975609756,0.0,0.0,0.0,0.0,0.0,0.06097560975609756,0.04878048780487805,0.0,0.0,0.04878048780487805,0.0,0.0,0.0,0.036585365853658534,0.06097560975609756,0.07317073170731707,0.012195121951219513,0.0,0.0,0.04878048780487805,0.024390243902439025,0.0,0.07317073170731707,0.036585365853658534,0.0,0.0,0.07317073170731707,0.012195121951219513,0.07317073170731707,0.0,0.0,0.0,0.0,0.036585365853658534,0.0,0.0,24.833333333333332,15.333333333333334,20.099999999999998,0.2833333333333333,2.3833333333333333,4.416666666666667,0.0,4.416666666666667,0.0
29.0,1444133.0,5.93902256733994,2.365099251333861,0.33246701998411987,5764.199065095492,3904.66969988326,0.3023255813953488,1.7612770352379432,37.96774193548389,0.5503798529892856,0.006946135611684555,0.08171011962733304,0.23916999140723297,3.009346892970554e-05,0.04281540629111281,0.017653350288892252,0.1620547562941002,0.0,0.0,0.046511627906976744,0.0,0.0,0.08139534883720931,0.08139534883720931,0.05813953488372093,0.0,0.0,0.0,0.0,0.0,0.011627906976744186,0.03488372093023256,0.0,0.05813953488372093,0.0,0.0,0.0,0.06976744186046512,0.046511627906976744,0.03488372093023256,0.08139534883720931,0.03488372093023256,0.011627906976744186,0.0,0.046511627906976744,0.0,0.0,0.08139534883720931,0.0,0.0,0.0,0.08139534883720931,0.0,0.08139534883720931,0.0,0.0,0.0,0.0,0.05813953488372093,0.0,0.0,28.75,17.583333333333332,23.183333333333334,0.0,5.183333333333334,1.4000000000000001,0.0,1.4000000000000001,0.0
30.0,2203070.0,6.4381702188271905,2.5436413431693903,0.2897666124395511,2461.5099657405617,1644.7892489193232,0.0,1.7612770352379465,37.96774193548389,0.5503798529892855,0.006946135611684555,0.08171011962733306,0.23916999140723336,3.0093468929705543e-05,0.04281540629111281,0.017653350288892252,0.16205475629410032,0.0,0.0,0.05303030303030303,0.0,0.0,0.05303030303030303,0.05303030303030303,0.05303030303030303,0.0,0.0,0.0,0.0,0.0,0.05303030303030303,0.05303030303030303,0.0,0.0,0.022727272727272728,0.0,0.0,0.045454545454545456,0.05303030303030303,0.030303030303030304,0.05303030303030303,0.022727272727272728,0.045454545454545456,0.0,0.05303030303030303,0.03787878787878788,0.007575757575757576,0.03787878787878788,0.05303030303030303,0.0,0.0,0.05303030303030303,0.030303030303030304,0.05303030303030303,0.022727272727272728,0.0,0.0,0.007575757575757576,0.05303030303030303,0.0,0.0,29.75,16.6,23.06,0.0,5.0600000000000005,0.9,0.0,0.9,0.0
31.0,2365894.0,6.29156611180962,2.480995724140771,0.29287400707765,2434.865584789025,1742.6871890628295,0.0,1.7612770352379445,37.96774193548389,0.5503798529892859,0.006946135611684555,0.08171011962733304,0.23916999140723313,3.009346892970554e-05,0.04281540629111281,0.017653350288892252,0.16205475629410024,0.0,0.0,0.04950495049504951,0.0,0.0,0.04950495049504951,0.04950495049504951,0.04950495049504951,0.0,0.0,0.0,0.0,0.0,0.04950495049504951,0.04950495049504951,0.0,0.0,0.039603960396039604,0.0,0.0,0.0,0.04950495049504951,0.0297029702970297,0.04950495049504951,0.019801980198019802,0.04950495049504951,0.0,0.039603960396039604,0.04950495049504951,0.009900990099009901,0.04950495049504951,0.04950495049504951,0.0,0.0,0.04950495049504951,0.039603960396039604,0.04950495049504951,0.04950495049504951,0.0,0.0,0.0297029702970297,0.04950495049504951,0.0,0.0,31.583333333333332,17.5,24.566666666666663,0.0,6.566666666666666,4.633333333333334,0.0,4.633333333333334,0.0
36.0,805653.0,6.095853025485939,2.4918445557123508,0.2719401253614869,1704.1913907908458,1069.2544414938727,0.0,1.564180622908796,36.69999999999993,3.2084793288224187,0.12931678722659246,0.045217586610922574,2.092921710454356,0.020343069392139788,0.5459996664343051,0.16794220719466327,0.20673830150943792,0.0,0.0,0.057692307692307696,0.009615384615384616,0.04807692307692308,0.057692307692307696,0.057692307692307696,0.057692307692307696,0.0,0.0,0.0,0.0,0.0,0.019230769230769232,0.057692307692307696,0.0,0.0,0.019230769230769232,0.0,0.0,0.057692307692307696,0.0,0.057692307692307696,0.057692307692307696,0.019230769230769232,0.009615384615384616,0.0,0.057692307692307696,0.04807692307692308,0.028846153846153848,0.057692307692307696,0.009615384615384616,0.0,0.0,0.057692307692307696,0.009615384615384616,0.04807692307692308,0.0,0.0,0.0,0.038461538461538464,0.057692307692307696,0.0,0.0,30.416666666666668,18.7,24.46,0.0,6.459999999999999,10.1,0.0,10.1,0.0
37.0,2969607.0,6.0307430775925965,2.7159347350161553,0.2559829483499955,2648.101503084684,1692.73217213968,0.0,1.564180622908795,36.69999999999988,3.2084793288224116,0.12931678722659248,0.045217586610922574,2.092921710454349,0.0203430693921397,0.5459996664343025,0.16794220719466327,0.2067383015094385,0.0,0.0,0.03783783783783784,0.03783783783783784,0.03783783783783784,0.03783783783783784,0.03783783783783784,0.03783783783783784,0.02702702702702703,0.0,0.02702702702702703,0.0,0.032432432432432434,0.02702702702702703,0.03783783783783784,0.0,0.021621621621621623,0.03783783783783784,0.016216216216216217,0.0,0.03783783783783784,0.03783783783783784,0.016216216216216217,0.03783783783783784,0.032432432432432434,0.005405405405405406,0.0,0.032432432432432434,0.03783783783783784,0.03783783783783784,0.03783783783783784,0.010810810810810811,0.0,0.03783783783783784,0.03783783783783784,0.0,0.03783783783783784,0.0,0.0,0.0,0.0,0.032432432432432434,0.03783783783783784,0.03783783783783784,23.5,14.9,19.240000000000002,1.28,2.52,0.96,0.0,0.96,0.0
38.0,2417987.0,6.541744250952038,2.480509977278053,0.2811147253620537,2603.9252259161954,1740.4630178201446,0.0,1.5641806229087953,36.699999999999896,3.208479328822419,0.12931678722659248,0.045217586610922574,2.0929217104543527,0.02034306939213973,0.5459996664343036,0.16794220719466327,0.2067383015094383,0.0,0.0,0.0472972972972973,0.0472972972972973,0.0,0.0472972972972973,0.0472972972972973,0.0472972972972973,0.033783783783783786,0.0,0.02027027027027027,0.0,0.0,0.0472972972972973,0.0472972972972973,0.0,0.0,0.006756756756756757,0.0,0.0,0.0472972972972973,0.0472972972972973,0.0472972972972973,0.0472972972972973,0.006756756756756757,0.04054054054054054,0.0,0.02702702702702703,0.04054054054054054,0.04054054054054054,0.0472972972972973,0.0472972972972973,0.0,0.0,0.0472972972972973,0.033783783783783786,0.0472972972972973,0.0,0.0,0.0,0.0,0.04054054054054054,0.0,0.0,24.75,16.25,20.55,0.0,2.55,0.55,0.0,0.55,0.0
39.0,2718845.0,6.250447532921403,2.800571326337954,0.23284410954704415,3024.4071128461924,1178.946532006169,0.0,1.5641806229087951,36.699999999999896,3.208479328822419,0.12931678722659248,0.045217586610922574,2.0929217104543523,0.020343069392139725,0.5459996664343035,0.16794220719466327,0.20673830150943834,0.0,0.0,0.046052631578947366,0.0,0.0,0.046052631578947366,0.046052631578947366,0.046052631578947366,0.0,0.0,0.0,0.0,0.0,0.046052631578947366,0.046052631578947366,0.0,0.0,0.046052631578947366,0.0,0.0,0.046052631578947366,0.046052631578947366,0.046052631578947366,0.046052631578947366,0.046052631578947366,0.03289473684210526,0.0,0.046052631578947366,0.046052631578947366,0.039473684210526314,0.046052631578947366,0.046052631578947366,0.0,0.0,0.046052631578947366,0.046052631578947366,0.046052631578947366,0.006578947368421052,0.0,0.0,0.0,0.046052631578947366,0.0,0.0,26.0,14.5,20.0,0.0,2.0,0.0,0.0,0.0,0.0
40.0,109786.0,6.360966258440628,2.1010342826348296,0.2211032842110504,1343.3444289124009,692.918982018015,0.0,1.432206094645042,39.03225806451611,5.48891281833349,0.19821648692949176,0.40717676665994057,2.7313719847185434,0.11109918569952686,0.7861863786140513,0.22495842283580456,1.0299035928761315,0.0,0.0,0.038461538461538464,0.0,0.0,0.0,0.0,0.0,0.0,0.0,0.0,0.0,0.0,0.0,0.15384615384615385,0.0,0.0,0.0,0.0,0.0,0.15384615384615385,0.0,0.0,0.07692307692307693,0.11538461538461539,0.0,0.0,0.15384615384615385,0.0,0.0,0.15384615384615385,0.0,0.0,0.0,0.07692307692307693,0.0,0.07692307692307693,0.0,0.0,0.0,0.0,0.0,0.0,0.0,19.7,14.125,17.725,1.925,1.65,3.72,0.0,3.72,0.0
41.0,469088.0,6.926206380238637,2.5297223385933068,0.1945643066610808,1973.3032548992223,1432.69553135037,0.0,1.4322060946450401,39.03225806451611,5.488912818333503,0.19821648692949154,0.40717676665994007,2.731371984718548,0.11109918569952681,0.7861863786140523,0.22495842283580456,1.0299035928761338,0.0,0.0,0.07526881720430108,0.0,0.0,0.010752688172043012,0.06451612903225806,0.07526881720430108,0.0,0.0,0.0,0.0,0.0,0.07526881720430108,0.043010752688172046,0.0,0.0,0.010752688172043012,0.0,0.0,0.07526881720430108,0.07526881720430108,0.07526881720430108,0.043010752688172046,0.06451612903225806,0.0,0.0,0.07526881720430108,0.0,0.0,0.06451612903225806,0.0,0.0,0.0,0.07526881720430108,0.010752688172043012,0.06451612903225806,0.0,0.0,0.0,0.0,0.021505376344086023,0.0,0.0,21.2,12.0,16.619999999999997,1.3800000000000001,0.0,0.0,0.0,0.0,0.0
42.0,2224323.0,6.193774801127834,2.9218593476853587,0.2477661532295413,3479.6238387926205,2060.2900284195766,0.45774647887323944,1.43220609464504,39.03225806451611,5.488912818333489,0.19821648692949193,0.407176766659939,2.731371984718539,0.11109918569952662,0.7861863786140506,0.22495842283580456,1.0299035928761353,0.0,0.0,0.04225352112676056,0.04929577464788732,0.028169014084507043,0.035211267605633804,0.04929577464788732,0.04929577464788732,0.035211267605633804,0.0,0.04929577464788732,0.0,0.04929577464788732,0.007042253521126761,0.04225352112676056,0.0,0.028169014084507043,0.04929577464788732,0.028169014084507043,0.014084507042253521,0.04929577464788732,0.04929577464788732,0.04225352112676056,0.04929577464788732,0.028169014084507043,0.007042253521126761,0.0,0.04929577464788732,0.007042253521126761,0.0,0.04929577464788732,0.0,0.0,0.0,0.04929577464788732,0.007042253521126761,0.007042253521126761,0.0,0.0,0.0,0.0,0.04929577464788732,0.0,0.0,17.0,8.75,14.3,4.1,0.4,0.3,0.0,0.3,0.0
43.0,827824.0,6.611538650397214,2.47978037569043,0.2704020968696298,2241.174029952947,1520.661710794396,0.0,1.43220609464504,39.03225806451611,5.488912818333495,0.19821648692949173,0.4071767666599395,2.731371984718543,0.11109918569952672,0.7861863786140514,0.22495842283580456,1.0299035928761346,0.0,0.0,0.06140350877192982,0.0,0.0,0.06140350877192982,0.06140350877192982,0.06140350877192982,0.0,0.0,0.0,0.0,0.0,0.06140350877192982,0.06140350877192982,0.0,0.0,0.0,0.0,0.0,0.05263157894736842,0.06140350877192982,0.0,0.06140350877192982,0.06140350877192982,0.008771929824561403,0.0,0.05263157894736842,0.0,0.06140350877192982,0.06140350877192982,0.0,0.0,0.0,0.06140350877192982,0.017543859649122806,0.06140350877192982,0.043859649122807015,0.0,0.0,0.0,0.02631578947368421,0.0,0.0,19.8,11.5,15.680000000000001,2.32,0.0,0.8400000000000001,0.0,0.8400000000000001,0.0
44.0,2565687.5,6.595602800011661,2.429060409257294,0.2272645054166758,1940.5854599897905,1232.321649183085,0.0,1.4496969007616738,39.30123262522951,4.996983651357609,0.19073306202759446,0.3597411720460286,2.437522473073106,0.097378459923374,0.7687380663811636,0.22429506834680596,0.9185753495595347,0.0,0.0,0.056910569105691054,0.008130081300813009,0.0,0.04878048780487805,0.056910569105691054,0.056910569105691054,0.008130081300813009,0.0,0.008130081300813009,0.0,0.008130081300813009,0.04878048780487805,0.056910569105691054,0.0,0.0,0.024390243902439025,0.0,0.0,0.008130081300813009,0.032520325203252036,0.056910569105691054,0.056910569105691054,0.04878048780487805,0.016260162601626018,0.0,0.056910569105691054,0.024390243902439025,0.0,0.056910569105691054,0.032520325203252036,0.008130081300813009,0.0,0.056910569105691054,0.008130081300813009,0.056910569105691054,0.0,0.0,0.0,0.008130081300813009,0.04878048780487805,0.016260162601626018,0.024390243902439025,15.75,6.0,10.9,7.1,0.0,0.9,0.0,0.9,0.0
45.0,1207661.0,6.4766182929083715,2.7902889206497887,0.19163747347394902,1920.5382656039667,1274.547575694222,0.0,1.5666666666666635,41.09999999999999,1.707207347206378,0.14068765799615865,0.04251563306549946,0.47240386394423495,0.005621106295352393,0.6520524783237298,0.21985888520162683,0.17406772237977935,0.0,0.0,0.06140350877192982,0.0,0.0,0.06140350877192982,0.05263157894736842,0.06140350877192982,0.043859649122807015,0.0,0.06140350877192982,0.0,0.0,0.043859649122807015,0.06140350877192982,0.0,0.0,0.05263157894736842,0.0,0.0,0.0,0.043859649122807015,0.02631578947368421,0.05263157894736842,0.03508771929824561,0.0,0.0,0.05263157894736842,0.043859649122807015,0.0,0.06140350877192982,0.03508771929824561,0.0,0.0,0.06140350877192982,0.008771929824561403,0.06140350877192982,0.0,0.0,0.0,0.008771929824561403,0.008771929824561403,0.0,0.0,19.5,8.3,13.919999999999998,4.08,0.0,1.72,0.0,1.72,0.0
46.0,1213261.0,6.416898119162411,3.108083035972293,0.2642852922110849,4208.811992433019,1230.2130338283976,0.6974789915966386,1.5666666666666635,41.1,1.707207347206378,0.14068765799615857,0.04251563306549946,0.47240386394423506,0.005621106295352393,0.6520524783237296,0.21985888520162686,0.1740677223797793,0.0,0.0,0.058823529411764705,0.0,0.0,0.058823529411764705,0.058823529411764705,0.05042016806722689,0.0,0.0,0.0,0.0,0.0,0.025210084033613446,0.058823529411764705,0.0,0.0,0.01680672268907563,0.0,0.0,0.058823529411764705,0.058823529411764705,0.058823529411764705,0.058823529411764705,0.008403361344537815,0.0,0.0,0.05042016806722689,0.058823529411764705,0.03361344537815126,0.058823529411764705,0.058823529411764705,0.0,0.0,0.058823529411764705,0.008403361344537815,0.058823529411764705,0.01680672268907563,0.0,0.0,0.0,0.025210084033613446,0.0,0.0,14.0,3.6666666666666665,8.833333333333334,9.166666666666666,0.0,5.133333333333333,0.0,5.133333333333333,0.0
47.0,990651.0,5.9498379025967125,2.4753888999362115,0.23691733173095175,2327.6235692779637,1448.892461769683,0.0,1.5666666666666635,41.100000000000044,1.707207347206378,0.14068765799615837,0.04251563306549946,0.4724038639442352,0.005621106295352393,0.652052478323729,0.219858885201627,0.17406772237977916,0.0,0.0,0.029850746268656716,0.04477611940298507,0.0,0.04477611940298507,0.05223880597014925,0.05223880597014925,0.022388059701492536,0.0,0.05223880597014925,0.0,0.0,0.04477611940298507,0.05223880597014925,0.0,0.0,0.03731343283582089,0.0,0.0,0.05223880597014925,0.05223880597014925,0.05223880597014925,0.04477611940298507,0.04477611940298507,0.007462686567164179,0.0,0.05223880597014925,0.04477611940298507,0.0,0.05223880597014925,0.0,0.0,0.0,0.05223880597014925,0.014925373134328358,0.029850746268656716,0.0,0.0,0.0,0.022388059701492536,0.04477611940298507,0.0,0.0,8.5,3.625,6.075,11.925,0.0,3.3,2.5,5.8,1.75
48.0,3812754.0,6.277352307038958,2.6441282954289513,0.230784024041912,1781.232345544166,1079.838658159508,0.0,1.5666666666666635,41.100000000000115,1.7072073472063816,0.14068765799615807,0.04251563306549945,0.4724038639442356,0.005621106295352394,0.6520524783237281,0.21985888520162666,0.17406772237977897,0.0,0.0,0.041176470588235294,0.01764705882352941,0.0,0.041176470588235294,0.041176470588235294,0.041176470588235294,0.03529411764705882,0.0,0.041176470588235294,0.0,0.0,0.041176470588235294,0.041176470588235294,0.0,0.0,0.011764705882352941,0.0,0.0,0.03529411764705882,0.041176470588235294,0.041176470588235294,0.041176470588235294,0.041176470588235294,0.041176470588235294,0.0,0.041176470588235294,0.041176470588235294,0.03529411764705882,0.041176470588235294,0.041176470588235294,0.0,0.0,0.041176470588235294,0.03529411764705882,0.041176470588235294,0.0058823529411764705,0.0,0.0,0.041176470588235294,0.041176470588235294,0.0,0.0,8.25,3.5,7.8,10.2,0.0,5.8,0.0,5.8,0.0
49.0,214116.0,6.963359788359788,2.8159589947089954,0.25832551707551704,2131.9112566137564,828.301884920635,0.0,1.4922939068100372,34.753225806451624,3.154032184651184,0.16854208881663083,0.0894343266600082,1.6030731888956569,0.029627895835054652,0.713615078672402,0.22016298454801828,0.3295766212234143,0.0,0.0,0.1,0.0,0.0,0.08333333333333333,0.1,0.016666666666666666,0.0,0.0,0.0,0.0,0.0,0.03333333333333333,0.06666666666666667,0.0,0.0,0.05,0.0,0.0,0.0,0.08333333333333333,0.0,0.03333333333333333,0.08333333333333333,0.016666666666666666,0.0,0.016666666666666666,0.0,0.0,0.08333333333333333,0.0,0.0,0.0,0.11666666666666667,0.0,0.11666666666666667,0.0,0.0,0.0,0.0,0.0,0.0,0.0,7.0,-4.0,1.8,16.2,0.0,2.0,0.0,2.0,0.0
50.0,516404.0,4.9693667609221865,2.9537780043878943,0.23033153575749923,2682.5457547427973,1603.1240578964114,0.0,1.477419354838712,33.48387096774194,3.4433971521401427,0.17411297498072514,0.09881806537890994,1.8292070538859404,0.03442925374299515,0.7259275987421369,0.2202238044172966,0.36067840099214166,0.0,0.0,0.013513513513513514,0.0,0.0,0.08108108108108109,0.0945945945945946,0.0,0.0,0.0,0.0,0.0,0.0,0.0945945945945946,0.0945945945945946,0.0,0.0,0.0,0.0,0.0,0.0,0.0945945945945946,0.0,0.06756756756756757,0.013513513513513514,0.0,0.0,0.06756756756756757,0.06756756756756757,0.0,0.0945945945945946,0.0,0.0,0.0,0.0945945945945946,0.0,0.0945945945945946,0.0,0.0,0.0,0.0,0.02702702702702703,0.0,0.0,11.75,5.25,8.525,9.475,0.0,0.15,0.0,0.15,0.0
51.0,88084.0,7.1439786059351285,2.3568840579710146,0.16816770186335403,1535.633152173913,1114.6882332643202,0.0,1.4774193548387096,33.48387096774194,3.4433971521401467,0.17411297498072545,0.09881806537890996,1.829207053885942,0.03442925374299511,0.7259275987421355,0.22022380441729683,0.36067840099214105,0.0,0.0,0.0,0.0,0.0,0.15217391304347827,0.021739130434782608,0.0,0.0,0.0,0.0,0.0,0.0,0.0,0.043478260869565216,0.0,0.0,0.0,0.0,0.0,0.0,0.0,0.043478260869565216,0.0,0.08695652173913043,0.15217391304347827,0.0,0.0,0.0,0.0,0.0,0.06521739130434782,0.0,0.0,0.10869565217391304,0.0,0.15217391304347827,0.0,0.0,0.0,0.021739130434782608,0.15217391304347827,0.0,0.0,6.333333333333333,-4.5,-0.1,18.1,0.0,2.3333333333333335,0.0,2.3333333333333335,0.0
52.0,1449778.0,6.367760765061403,3.1209642337889862,0.2190959033601519,3848.422504024864,1788.0625520422388,0.43820224719101125,1.4774193548387122,33.48387096774194,3.443397152140146,0.17411297498072506,0.09881806537891002,1.82920705388594,0.03442925374299518,0.7259275987421371,0.22022380441729683,0.36067840099214177,0.0,0.0,0.07865168539325842,0.0,0.0,0.056179775280898875,0.07865168539325842,0.0,0.0,0.0,0.0,0.0,0.0,0.0,0.07865168539325842,0.0,0.0,0.0,0.0,0.0,0.0,0.02247191011235955,0.0449438202247191,0.06741573033707865,0.07865168539325842,0.056179775280898875,0.0,0.07865168539325842,0.0,0.02247191011235955,0.06741573033707865,0.0,0.0,0.0,0.07865168539325842,0.02247191011235955,0.06741573033707865,0.0,0.0,0.0,0.0,0.07865168539325842,0.0,0.02247191011235955,12.166666666666666,2.5,8.05,9.95,0.0,7.199999999999999,0.0,7.199999999999999,0.0
53.0,1295195.0,5.857017708304712,2.7934861734949465,0.26416744820008387,3076.6079925539348,1764.5939767247694,1.0,1.5191300427430203,33.935483870967786,2.3934193548387115,0.14129032258064528,0.014709677419354836,0.13548387096774214,0.029032258064516144,0.7387096774193553,0.23774193548387096,0.13548387096774214,0.0870967741935483,0.8738709677419364,0.05357142857142857,0.0,0.0,0.05357142857142857,0.05357142857142857,0.05357142857142857,0.0,0.0,0.0,0.0,0.0,0.017857142857142856,0.05357142857142857,0.0,0.0,0.017857142857142856,0.0,0.0,0.0,0.05357142857142857,0.05357142857142857,0.05357142857142857,0.05357142857142857,0.017857142857142856,0.017857142857142856,0.05357142857142857,0.017857142857142856,0.05357142857142857,0.05357142857142857,0.05357142857142857,0.0,0.0,0.05357142857142857,0.0,0.05357142857142857,0.017857142857142856,0.0,0.0,0.05357142857142857,0.03571428571428571,0.0,0.0,6.5,-2.0,2.3,15.7,0.0,0.0,0.0,0.0,0.0
54.0,1379993.0,5.848089893883589,2.59215919177444,0.24160865117004743,2765.316555851563,1746.6841767913243,0.0,1.5191300427430192,33.93548387096779,2.3934193548387066,0.141290322580645,0.014709677419354852,0.13548387096774184,0.029032258064516092,0.738709677419356,0.23774193548387115,0.13548387096774184,0.08709677419354828,0.8738709677419364,0.0,0.0,0.07692307692307693,0.04395604395604396,0.07692307692307693,0.02197802197802198,0.0,0.0,0.0,0.0,0.0,0.01098901098901099,0.06593406593406594,0.0,0.0,0.0,0.0,0.0,0.0,0.03296703296703297,0.07692307692307693,0.054945054945054944,0.03296703296703297,0.0,0.0,0.06593406593406594,0.0,0.0,0.06593406593406594,0.0,0.0,0.0,0.07692307692307693,0.0,0.02197802197802198,0.07692307692307693,0.0,0.0,0.0,0.04395604395604396,0.07692307692307693,0.07692307692307693,5.5,-5.333333333333333,0.06666666666666672,17.933333333333334,0.0,7.866666666666667,2.3333333333333335,10.200000000000001,0.0
55.0,1350635.0,6.249536796222112,2.5728022433755378,0.16703562365758132,1480.7809949929617,831.1161525599766,0.0,1.5191300427430219,33.93548387096779,2.393419354838708,0.1412903225806449,0.01470967741935487,0.13548387096774175,0.029032258064516047,0.7387096774193547,0.23774193548387124,0.13548387096774175,0.08709677419354848,0.8738709677419364,0.056910569105691054,0.0,0.0,0.056910569105691054,0.056910569105691054,0.008130081300813009,0.0,0.0,0.0,0.0,0.0,0.024390243902439025,0.056910569105691054,0.0,0.0,0.008130081300813009,0.0,0.0,0.008130081300813009,0.056910569105691054,0.056910569105691054,0.056910569105691054,0.056910569105691054,0.04878048780487805,0.0,0.056910569105691054,0.04878048780487805,0.0,0.056910569105691054,0.016260162601626018,0.016260162601626018,0.0,0.056910569105691054,0.04878048780487805,0.056910569105691054,0.0,0.0,0.0,0.04878048780487805,0.04065040650406504,0.0,0.0,0.6666666666666666,-8.166666666666666,-3.733333333333333,21.733333333333334,0.0,2.533333333333333,0.0,2.533333333333333,10.333333333333334
56.0,2513263.0,6.768839738875135,2.5468730752832105,0.23843627757461933,1753.3844596961767,996.254818031409,0.45081967213114754,1.5191300427430217,33.93548387096779,2.393419354838708,0.14129032258064492,0.01470967741935487,0.13548387096774175,0.02903225806451605,0.7387096774193548,0.23774193548387124,0.13548387096774175,0.08709677419354848,0.8738709677419364,0.05737704918032787,0.0,0.0,0.05737704918032787,0.05737704918032787,0.05737704918032787,0.0,0.0,0.0,0.0,0.0,0.01639344262295082,0.05737704918032787,0.00819672131147541,0.0,0.00819672131147541,0.0,0.0,0.0,0.04918032786885246,0.05737704918032787,0.05737704918032787,0.05737704918032787,0.00819672131147541,0.0,0.05737704918032787,0.04918032786885246,0.00819672131147541,0.05737704918032787,0.05737704918032787,0.0,0.0,0.05737704918032787,0.0,0.05737704918032787,0.0,0.0,0.0,0.04918032786885246,0.05737704918032787,0.0,0.0,0.0,-9.0,-1.8,19.8,0.0,0.0,0.0,0.0,0.0
57.0,1472870.0,6.554516219458779,2.323632496869494,0.2199486632548125,2051.319199333193,1287.8111438183505,0.0,1.5191300427430228,33.93548387096779,2.3934193548387106,0.14129032258064486,0.014709677419354868,0.13548387096774192,0.029032258064516044,0.7387096774193542,0.23774193548387107,0.13548387096774192,0.08709677419354857,0.8738709677419364,0.04964539007092199,0.0,0.0425531914893617,0.0425531914893617,0.0425531914893617,0.04964539007092199,0.0,0.0,0.0,0.0,0.0,0.014184397163120567,0.04964539007092199,0.0,0.0,0.014184397163120567,0.0,0.0,0.04964539007092199,0.04964539007092199,0.04964539007092199,0.04964539007092199,0.04964539007092199,0.014184397163120567,0.0,0.04964539007092199,0.03546099290780142,0.04964539007092199,0.04964539007092199,0.0,0.0,0.0,0.04964539007092199,0.0070921985815602835,0.04964539007092199,0.0,0.0,0.0,0.0425531914893617,0.04964539007092199,0.04964539007092199,0.0,5.75,-9.0,-1.8,19.8,0.0,0.0,0.0,0.0,0.0
58.0,172905.0,6.710076812076814,2.867266178266178,0.17971378621378623,1686.8969474414473,1042.7866278721276,0.28,1.7354278103131133,42.13793103448278,1.6569655172413797,0.08917267645362612,0.06595348339243191,0.4043294933506918,0.020578309950836787,0.6859436650278932,0.22293169113406525,0.16805619793183424,0.0,0.0,0.0,0.0,0.0,0.0,0.0,0.0,0.0,0.0,0.0,0.0,0.0,0.0,0.14,0.0,0.0,0.0,0.0,0.0,0.0,0.1,0.08,0.0,0.0,0.1,0.0,0.12,0.02,0.0,0.14,0.0,0.0,0.0,0.14,0.0,0.14,0.0,0.0,0.0,0.02,0.0,0.0,0.0,8.125,-1.6666666666666667,3.2000000000000006,14.799999999999999,0.0,2.65,0.0,2.65,0.0
59.0,261396.0,5.758941387559808,2.2866560340244546,0.23727073365231263,1780.3332768474218,1218.7012725943648,0.13157894736842105,1.7354278103131133,42.13793103448278,1.656965517241378,0.08917267645362609,0.06595348339243197,0.4043294933506914,0.020578309950836777,0.6859436650278928,0.22293169113406505,0.16805619793183432,0.0,0.0,0.013157894736842105,0.0,0.0,0.013157894736842105,0.039473684210526314,0.0,0.0,0.0,0.0,0.0,0.0,0.013157894736842105,0.039473684210526314,0.0,0.0,0.013157894736842105,0.0,0.0,0.0,0.09210526315789473,0.09210526315789473,0.09210526315789473,0.09210526315789473,0.02631578947368421,0.0,0.06578947368421052,0.0,0.0,0.07894736842105263,0.0,0.0,0.0,0.09210526315789473,0.013157894736842105,0.05263157894736842,0.0,0.0,0.0,0.07894736842105263,0.09210526315789473,0.0,0.0,-2.8333333333333335,-11.666666666666666,-7.266666666666667,25.266666666666666,0.0,0.0,2.6666666666666665,2.6666666666666665,2.0
60.0,4132147.3253997406,5.691263736397458,2.596037546721247,0.2839367558955447,2753.296571394274,1886.775021157125,0.45652173913043476,1.7354278103131193,42.13793103448278,1.6569655172413826,0.08917267645362638,0.06595348339243208,0.40432949335069257,0.020578309950836832,0.6859436650278926,0.22293169113406486,0.16805619793183385,0.0,0.0,0.050724637681159424,0.0,0.0,0.050724637681159424,0.050724637681159424,0.050724637681159424,0.0,0.0,0.0,0.0,0.0,0.050724637681159424,0.050724637681159424,0.0,0.0,0.036231884057971016,0.0,0.0,0.0,0.050724637681159424,0.021739130434782608,0.050724637681159424,0.007246376811594203,0.050724637681159424,0.0,0.050724637681159424,0.043478260869565216,0.050724637681159424,0.050724637681159424,0.050724637681159424,0.0,0.0,0.050724637681159424,0.036231884057971016,0.050724637681159424,0.028985507246376812,0.0,0.0,0.014492753623188406,0.050724637681159424,0.0,0.0,13.833333333333334,-3.5,5.166666666666667,12.833333333333334,0.0,0.0,0.0,0.0,1.3333333333333333
61.0,333893.0,5.997271003225126,3.274071441973919,0.15357200274629207,2168.997590757704,1158.0731254454804,0.0,1.7354278103131136,42.13793103448278,1.6569655172413804,0.08917267645362613,0.06595348339243193,0.40432949335069196,0.020578309950836787,0.6859436650278932,0.22293169113406533,0.16805619793183424,0.0,0.0,0.022727272727272728,0.0,0.0,0.11363636363636363,0.045454545454545456,0.0,0.0,0.0,0.0,0.0,0.0,0.022727272727272728,0.1590909090909091,0.0,0.0,0.0,0.0,0.0,0.0,0.0,0.0,0.06818181818181818,0.1590909090909091,0.0,0.0,0.1590909090909091,0.0,0.0,0.045454545454545456,0.0,0.0,0.0,0.1590909090909091,0.0,0.045454545454545456,0.0,0.0,0.0,0.0,0.0,0.0,0.0,1.0,-2.25,-0.65,18.65,0.0,12.7,3.0,15.7,3.0
62.0,469078.0,6.199770484932697,2.5863549159787054,0.20177780168365608,1570.8363865226363,994.0647494458644,0.0,1.5995590988355162,33.854619167496004,3.0407228417108416,0.2750336064221403,0.06753014510462162,1.2306188152142807,0.01295897643305752,0.6055654105577094,0.20321800020928354,0.16759690274995567,0.024741086587436338,0.4534598984323555,0.039473684210526314,0.0,0.0,0.07894736842105263,0.09210526315789473,0.05263157894736842,0.0,0.0,0.0,0.0,0.0,0.013157894736842105,0.07894736842105263,0.0,0.0,0.013157894736842105,0.0,0.0,0.07894736842105263,0.02631578947368421,0.013157894736842105,0.09210526315789473,0.013157894736842105,0.0,0.0,0.07894736842105263,0.039473684210526314,0.0,0.09210526315789473,0.0,0.02631578947368421,0.0,0.09210526315789473,0.0,0.07894736842105263,0.0,0.0,0.0,0.0,0.0,0.0,0.0,7.625,-3.3333333333333335,2.1999999999999997,15.799999999999999,0.0,0.75,1.75,2.5,2.0
63.0,6066890.5,5.509078362091693,2.6708317563534636,0.31239925745901725,3001.390448992772,1849.3029719955036,0.4251968503937008,1.5813080778907602,32.74193548387087,3.22660069126643,0.29999999999999993,0.0677419354838709,1.3416129032258077,0.011935483870967763,0.5947683315990279,0.2005698924731189,0.16753520638224048,0.028064516129032168,0.5143724221023744,0.05511811023622047,0.0,0.0,0.05511811023622047,0.05511811023622047,0.05511811023622047,0.0,0.0,0.0,0.0,0.0,0.05511811023622047,0.05511811023622047,0.0,0.0,0.0,0.0,0.0,0.0,0.05511811023622047,0.05511811023622047,0.05511811023622047,0.031496062992125984,0.023622047244094488,0.0,0.05511811023622047,0.015748031496062992,0.05511811023622047,0.031496062992125984,0.05511811023622047,0.0,0.0,0.05511811023622047,0.031496062992125984,0.05511811023622047,0.047244094488188976,0.0,0.0,0.0,0.047244094488188976,0.0,0.0,16.333333333333332,4.0,10.166666666666666,7.833333333333333,0.0,9.0,0.0,9.0,0.0
65.0,1451033.0,5.702713887474004,2.561605091573082,0.3116396722056377,2721.113716060997,1878.1380097042695,0.0,1.5813080778907607,32.74193548387086,3.2266006912664307,0.3000000000000001,0.06774193548387086,1.3416129032258077,0.011935483870967763,0.5947683315990279,0.20056989247311888,0.1675352063822405,0.028064516129032175,0.5143724221023745,0.01652892561983471,0.024793388429752067,0.0,0.05785123966942149,0.05785123966942149,0.05785123966942149,0.01652892561983471,0.0,0.0,0.0,0.0,0.0,0.024793388429752067,0.0,0.0,0.03305785123966942,0.0,0.0,0.05785123966942149,0.04132231404958678,0.049586776859504134,0.05785123966942149,0.04132231404958678,0.05785123966942149,0.0,0.05785123966942149,0.049586776859504134,0.0,0.05785123966942149,0.049586776859504134,0.0,0.0,0.05785123966942149,0.04132231404958678,0.05785123966942149,0.008264462809917356,0.0,0.0,0.008264462809917356,0.01652892561983471,0.0,0.0,12.6,-1.2,5.720000000000001,12.280000000000001,0.0,12.8,0.0,12.8,0.0
66.0,587998.0,5.9432334991379445,2.352334776769498,0.7053208065634252,2445.559638452129,1591.3936869653107,0.0,1.7275868339698108,41.40000000000004,1.8949413793103436,0.17350654183958455,0.029063072334938784,0.8102784566980935,0.0011625228933975513,0.5504836530960765,0.18978186234715025,0.14066527010110375,0.0,0.0,0.061224489795918366,0.0,0.0,0.061224489795918366,0.061224489795918366,0.061224489795918366,0.0,0.0,0.0,0.0,0.0,0.04081632653061224,0.061224489795918366,0.0,0.0,0.0,0.0,0.0,0.0,0.061224489795918366,0.04081632653061224,0.061224489795918366,0.02040816326530612,0.061224489795918366,0.0,0.04081632653061224,0.04081632653061224,0.02040816326530612,0.02040816326530612,0.061224489795918366,0.0,0.0,0.061224489795918366,0.02040816326530612,0.061224489795918366,0.04081632653061224,0.0,0.0,0.0,0.04081632653061224,0.0,0.0,11.0,2.7142857142857144,6.871428571428571,11.12857142857143,0.0,2.8285714285714283,0.5428571428571428,3.371428571428571,0.0
68.0,2025633.0,6.0536863520033535,2.301361749634185,0.9658389801978347,2346.0822587269827,1513.1661124746988,0.0,1.7275868339698177,41.399999999999835,1.8949413793103496,0.17350654183958547,0.02906307233493877,0.8102784566980941,0.00116252289339755,0.5504836530960772,0.1897818623471508,0.1406652701011034,0.0,0.0,0.033816425120772944,0.033816425120772944,0.033816425120772944,0.00966183574879227,0.033816425120772944,0.033816425120772944,0.024154589371980676,0.00966183574879227,0.033816425120772944,0.004830917874396135,0.028985507246376812,0.014492753623188406,0.028985507246376812,0.00966183574879227,0.01932367149758454,0.028985507246376812,0.024154589371980676,0.01932367149758454,0.033816425120772944,0.033816425120772944,0.033816425120772944,0.033816425120772944,0.028985507246376812,0.024154589371980676,0.0,0.033816425120772944,0.033816425120772944,0.0,0.033816425120772944,0.01932367149758454,0.0,0.033816425120772944,0.033816425120772944,0.033816425120772944,0.033816425120772944,0.0,0.0,0.0,0.033816425120772944,0.028985507246376812,0.033816425120772944,0.033816425120772944,18.7,1.1,9.919999999999998,8.080000000000002,0.0,0.0,0.0,0.0,0.0
69.0,1866.0,5.166666666666667,1.6666666666666667,1.0,662.3333333333334,513.8333333333334,0.0,1.7275868339698126,41.4,1.8949413793103458,0.1735065418395846,0.02906307233493881,0.8102784566980942,0.0011625228933975524,0.5504836530960765,0.18978186234715042,0.14066527010110388,0.0,0.0,0.0,0.0,0.0,0.0,0.0,0.0,0.0,0.3333333333333333,0.0,0.0,0.0,0.0,0.0,0.0,0.0,0.0,0.0,0.0,0.0,0.0,0.0,0.0,0.0,0.0,0.0,0.0,0.0,0.0,0.3333333333333333,0.0,0.0,0.0,0.0,0.0,0.0,0.0,0.0,0.0,0.0,0.3333333333333333,0.0,0.0,19.25,6.0,12.625,5.375,0.0,0.0,0.0,0.0,0.0
70.0,734791.0,6.562140428805074,2.012973850739921,0.3497892569739832,2465.4641328832377,1529.581631364184,0.0,1.7275868339698106,41.40000000000004,1.8949413793103431,0.17350654183958453,0.029063072334938784,0.8102784566980935,0.001162522893397551,0.5504836530960765,0.18978186234715025,0.14066527010110375,0.0,0.0,0.05454545454545454,0.0,0.0,0.03636363636363636,0.05454545454545454,0.03636363636363636,0.0,0.0,0.0,0.0,0.0,0.05454545454545454,0.03636363636363636,0.03636363636363636,0.0,0.0,0.0,0.0,0.0,0.01818181818181818,0.09090909090909091,0.09090909090909091,0.07272727272727272,0.0,0.0,0.09090909090909091,0.01818181818181818,0.01818181818181818,0.07272727272727272,0.0,0.0,0.0,0.07272727272727272,0.03636363636363636,0.07272727272727272,0.0,0.0,0.0,0.0,0.03636363636363636,0.0,0.0,14.833333333333334,6.0,10.433333333333334,7.566666666666666,0.0,5.266666666666667,0.0,5.266666666666667,0.0
71.0,332867.0,6.005463101142115,2.6300092454413435,0.18173171136134103,2559.968463749328,1374.423251782511,0.0,1.5260306847212666,39.612903225806384,2.5179677419354807,0.044193548387096875,0.024838709677419368,1.0219354838709673,0.025483870967741906,0.7629032258064524,0.21935483870967723,0.22290322580645144,0.03548387096774196,0.1608709677419356,0.08641975308641975,0.0,0.0,0.08641975308641975,0.037037037037037035,0.04938271604938271,0.0,0.0,0.0,0.0,0.0,0.0,0.08641975308641975,0.0,0.0,0.037037037037037035,0.0,0.0,0.0,0.024691358024691357,0.06172839506172839,0.08641975308641975,0.04938271604938271,0.0,0.0,0.08641975308641975,0.04938271604938271,0.0,0.08641975308641975,0.0,0.0,0.0,0.06172839506172839,0.012345679012345678,0.08641975308641975,0.012345679012345678,0.0,0.0,0.0,0.0,0.0,0.0,17.6,6.2,11.919999999999998,6.08,0.0,2.1599999999999997,0.0,2.1599999999999997,0.0
72.0,1181169.0,6.047411461486943,2.3513333579380222,0.19340990421680637,2230.299901186609,1288.922831963633,0.0,1.5260306847212657,39.61290322580643,2.5179677419354802,0.044193548387096805,0.02483870967741938,1.0219354838709658,0.02548387096774189,0.7629032258064529,0.21935483870967712,0.22290322580645142,0.03548387096774198,0.16087096774193557,0.059322033898305086,0.0,0.0,0.05084745762711865,0.059322033898305086,0.059322033898305086,0.0,0.0,0.0,0.0,0.0,0.05084745762711865,0.059322033898305086,0.0,0.0,0.0,0.0,0.0,0.0,0.03389830508474576,0.059322033898305086,0.059322033898305086,0.059322033898305086,0.00847457627118644,0.0,0.059322033898305086,0.059322033898305086,0.00847457627118644,0.059322033898305086,0.01694915254237288,0.059322033898305086,0.0,0.059322033898305086,0.025423728813559324,0.059322033898305086,0.0,0.0,0.0,0.0,0.03389830508474576,0.0,0.0,17.25,8.375,12.849999999999998,5.225,0.075,4.25,0.0,4.25,0.0
73.0,428148.0,5.190334048667381,2.181873476317921,0.20447255076884707,1659.8356903042086,986.4215518363666,0.0,1.5260306847212666,39.612903225806384,2.5179677419354807,0.044193548387096875,0.024838709677419368,1.0219354838709673,0.025483870967741906,0.7629032258064524,0.21935483870967723,0.22290322580645144,0.03548387096774196,0.1608709677419356,0.08641975308641975,0.0,0.0,0.037037037037037035,0.08641975308641975,0.012345679012345678,0.0,0.0,0.0,0.0,0.0,0.04938271604938271,0.07407407407407407,0.0,0.0,0.0,0.0,0.0,0.06172839506172839,0.012345679012345678,0.08641975308641975,0.08641975308641975,0.012345679012345678,0.0,0.0,0.06172839506172839,0.08641975308641975,0.0,0.07407407407407407,0.0,0.0,0.0,0.08641975308641975,0.037037037037037035,0.04938271604938271,0.0,0.0,0.0,0.0,0.0,0.0,0.0,19.75,5.0,12.4,5.6,0.0,0.3,0.0,0.3,0.0
74.0,134192.0,5.189745497557997,2.7025154532967033,0.22062061202686203,2485.0718978937734,1176.5849883623318,0.4375,1.5260306847212697,39.612903225806434,2.5179677419354833,0.04419354838709678,0.02483870967741933,1.0219354838709689,0.025483870967741958,0.7629032258064509,0.21935483870967756,0.22290322580645142,0.035483870967741936,0.16087096774193563,0.0,0.0,0.0,0.0,0.0,0.0,0.0,0.0,0.0,0.0,0.0,0.0,0.0,0.0,0.0,0.0,0.0,0.0,0.0,0.0,0.21875,0.0625,0.03125,0.0,0.0,0.1875,0.15625,0.0,0.1875,0.0,0.0,0.0,0.0625,0.0,0.0625,0.0,0.0,0.0,0.0,0.03125,0.0,0.0,30.166666666666668,16.083333333333332,23.149999999999995,0.0,5.15,0.3666666666666667,0.0,0.3666666666666667,0.0
75.0,223744.0,6.263696488696487,2.8105218855218856,0.14009139009139007,2345.391726791727,1732.8141414141414,0.0,1.6838895683458903,39.799999999999976,1.4278072141770461,0.05542389610055441,0.04735868355214083,0.8349513591165446,0.0015026875070466427,0.26570999554062014,0.09226743535874857,0.12451719926136484,0.0,0.0,0.15151515151515152,0.0,0.0,0.06060606060606061,0.0,0.030303030303030304,0.0,0.0,0.0,0.0,0.0,0.030303030303030304,0.030303030303030304,0.0,0.0,0.030303030303030304,0.0,0.0,0.0,0.09090909090909091,0.030303030303030304,0.15151515151515152,0.0,0.0,0.0,0.0,0.0,0.0,0.15151515151515152,0.0,0.0,0.0,0.15151515151515152,0.0,0.09090909090909091,0.0,0.0,0.0,0.0,0.0,0.0,0.0,27.166666666666668,15.666666666666666,21.433333333333334,0.0,3.4333333333333336,4.2,0.0,4.2,0.0
76.0,1177539.0,5.684825315045885,2.2508696840932445,0.23110878032255316,1733.3434438090335,1102.5416994774084,0.0,1.6838895683458954,39.80000000000009,1.4278072141770488,0.055423896100554246,0.04735868355214087,0.8349513591165446,0.0015026875070466388,0.2657099955406208,0.09226743535874841,0.12451719926136519,0.0,0.0,0.040983606557377046,0.0,0.0,0.05737704918032787,0.05737704918032787,0.05737704918032787,0.0,0.0,0.0,0.0,0.0,0.0,0.040983606557377046,0.0,0.0,0.00819672131147541,0.0,0.0,0.05737704918032787,0.05737704918032787,0.02459016393442623,0.05737704918032787,0.00819672131147541,0.040983606557377046,0.0,0.05737704918032787,0.05737704918032787,0.0,0.05737704918032787,0.040983606557377046,0.040983606557377046,0.0,0.05737704918032787,0.02459016393442623,0.05737704918032787,0.0,0.0,0.0,0.04918032786885246,0.04918032786885246,0.0,0.0,27.666666666666668,13.666666666666666,20.7,0.5666666666666668,3.266666666666667,0.0,0.0,0.0,0.0
77.0,3437175.0,5.693550180252576,2.477877078482264,0.22319183340420964,2223.4099475629337,1394.830305255547,0.0,1.683889568345897,39.80000000000011,1.427807214177049,0.055423896100554246,0.04735868355214093,0.8349513591165446,0.0015026875070466368,0.26570999554062025,0.09226743535874829,0.12451719926136527,0.0,0.0,0.0457516339869281,0.0,0.0,0.0457516339869281,0.0457516339869281,0.0457516339869281,0.0,0.0,0.0,0.0,0.0,0.0392156862745098,0.0457516339869281,0.0,0.0,0.032679738562091505,0.0,0.0,0.0196078431372549,0.0457516339869281,0.0457516339869281,0.0457516339869281,0.0457516339869281,0.0457516339869281,0.0,0.0457516339869281,0.0457516339869281,0.032679738562091505,0.0457516339869281,0.0457516339869281,0.0,0.0,0.0457516339869281,0.026143790849673203,0.0457516339869281,0.0392156862745098,0.0,0.0,0.0392156862745098,0.0392156862745098,0.0,0.0,28.75,13.75,21.3,0.425,3.7249999999999996,1.1,0.0,1.1,0.0
78.0,2312005.250347705,6.079555977518342,2.1568872237866086,0.24640229848845957,1798.1360654997923,1095.4564117572374,0.0,1.6838895683458972,39.80000000000011,1.427807214177049,0.05542389610055424,0.04735868355214092,0.8349513591165446,0.001502687507046637,0.2657099955406203,0.0922674353587483,0.12451719926136527,0.0,0.0,0.046052631578947366,0.0,0.0,0.046052631578947366,0.046052631578947366,0.046052631578947366,0.0,0.0,0.0,0.0,0.0,0.046052631578947366,0.046052631578947366,0.0,0.0,0.019736842105263157,0.0,0.0,0.013157894736842105,0.046052631578947366,0.046052631578947366,0.046052631578947366,0.046052631578947366,0.039473684210526314,0.0,0.046052631578947366,0.046052631578947366,0.03289473684210526,0.046052631578947366,0.019736842105263157,0.019736842105263157,0.0,0.046052631578947366,0.046052631578947366,0.046052631578947366,0.03289473684210526,0.0,0.0,0.02631578947368421,0.046052631578947366,0.0,0.013157894736842105,31.7,16.4,24.08,0.0,6.08,0.64,0.0,0.64,0.0
79.0,863138.0,4.704898372826005,2.215246030163793,0.26461224874053807,2983.062612639553,1911.6055596772865,0.0,1.683889568345893,39.80000000000007,1.4278072141770481,0.055423896100554315,0.04735868355214081,0.8349513591165446,0.0015026875070466414,0.26570999554062064,0.09226743535874858,0.12451719926136506,0.0,0.0,0.041666666666666664,0.041666666666666664,0.041666666666666664,0.041666666666666664,0.041666666666666664,0.041666666666666664,0.010416666666666666,0.010416666666666666,0.041666666666666664,0.0,0.0,0.010416666666666666,0.041666666666666664,0.0,0.0,0.0,0.0,0.0,0.041666666666666664,0.041666666666666664,0.041666666666666664,0.041666666666666664,0.041666666666666664,0.010416666666666666,0.0,0.041666666666666664,0.010416666666666666,0.010416666666666666,0.041666666666666664,0.010416666666666666,0.0,0.020833333333333332,0.041666666666666664,0.020833333333333332,0.041666666666666664,0.0,0.010416666666666666,0.020833333333333332,0.020833333333333332,0.041666666666666664,0.041666666666666664,0.041666666666666664,32.25,16.5,24.4,0.0,6.4,1.0,0.0,1.0,0.0
27.0,,,,,,,,,,,,,,,,,,,,,,,,,,,,,,,,,,,,,,,,,,,,,,,,,,,,,,,,,,,,,,25.5,13.2,19.36,0.1,1.46,0.0,0.0,0.0,0.0
32.0,,,,,,,,,,,,,,,,,,,,,,,,,,,,,,,,,,,,,,,,,,,,,,,,,,,,,,,,,,,,,,27.2,16.0,21.65,0.0,3.65,0.27999999999999997,0.0,0.27999999999999997,0.0
33.0,,,,,,,,,,,,,,,,,,,,,,,,,,,,,,,,,,,,,,,,,,,,,,,,,,,,,,,,,,,,,,29.625,18.25,23.95,0.0,5.95,2.9,0.0,2.9,0.0
34.0,,,,,,,,,,,,,,,,,,,,,,,,,,,,,,,,,,,,,,,,,,,,,,,,,,,,,,,,,,,,,,28.416666666666668,18.416666666666668,23.45,0.0,5.45,5.133333333333334,0.0,5.133333333333334,0.0
35.0,,,,,,,,,,,,,,,,,,,,,,,,,,,,,,,,,,,,,,,,,,,,,,,,,,,,,,,,,,,,,,24.0,16.5,20.25,0.75,3.0,0.0,0.0,0.0,0.0
64.0,,,,,,,,,,,,,,,,,,,,,,,,,,,,,,,,,,,,,,,,,,,,,,,,,,,,,,,,,,,,,,12.4,3.875,8.9,9.1,0.0,0.3333333333333333,0.0,0.3333333333333333,0.0
67.0,,,,,,,,,,,,,,,,,,,,,,,,,,,,,,,,,,,,,,,,,,,,,,,,,,,,,,,,,,,,,,6.125,-3.625,1.25,16.75,0.0,2.35,0.55,2.9000000000000004,0.0
